period,universe,ensemble_test_sharpe,mean_fold_test_sharpe,candidate_oracle_test_sharpe,mean_candidate_test_sharpe,ensemble_minus_mean_fold,ensemble_minus_mean_candidate,ensemble_positive
P12_13,CROSS_ASSET4,0.5403383896905684,0.5233968572234088,1.532627145604838,-0.22431154346081783,0.01694153246715957,0.7646499331513862,1
P12_13,EQ_BOND6,0.5132591456267216,-1.3767020825036311,1.7321664383330992,-0.15804175877061583,1.8899612281303528,0.6713009043973375,1
P12_13,EQ_REAL7_LOO_TLT,0.8317779211491539,0.6617565174206861,2.159130372087553,-0.17253289613400566,0.17002140372846786,1.0043108172831596,1
P12_13,FULL8,1.0961284648357514,0.5406748786294956,1.9427774957786423,-0.19647226356356323,0.5554535862062558,1.2926007283993146,1
P12_13,GLOBAL_EQ5,-0.16261918659536054,-1.267271583466211,1.7789864873835737,-0.1397201019001159,1.1046523968708504,-0.022899084695244626,0
P12_13,LOO_DBC,1.2358207372456622,1.0927828482106787,1.6548261920235297,-0.17354034704383037,0.1430378890349835,1.4093610842894926,1
P12_13,LOO_EEM,0.7463816994350253,0.9436505584451641,1.9653970008429373,-0.18493148116886338,-0.1972688590101388,0.9313131806038887,1
P12_13,LOO_EFA,0.9925165749989827,0.8608083086418076,1.735967346607959,-0.19057314768272293,0.13170826635717514,1.1830897226817056,1
P12_13,LOO_GLD,0.09219566316882513,0.6305624013217869,1.681493881635191,-0.1877716000930572,-0.5383667381529618,0.27996726326188237,1
P12_13,LOO_IWM,0.7237855471755874,0.9177335331423768,1.4455487683974595,-0.20199055538076613,-0.19394798596678942,0.9257761025563536,1
P12_13,LOO_QQQ,0.8357897259189125,0.5971614412233439,1.5275391360337034,-0.2238452564383545,0.23862828469556863,1.059634982357267,1
P12_13,US3,0.08427610488069513,-0.7054073712118423,2.096154663280856,-0.1110408144698146,0.7896834760925374,0.19531691935050974,1
P14_15,CROSS_ASSET4,1.1283079774036366,-0.21058901965875051,2.519098216781135,-0.24240611901195083,1.3388969970623872,1.3707140964155875,1
P14_15,EQ_BOND6,0.6847564167552583,0.16661368412716812,1.9403122212063662,-0.40361685274233133,0.5181427326280902,1.0883732694975896,1
P14_15,EQ_REAL7_LOO_TLT,0.2721474657838615,-0.01640431866393991,2.651143483833373,-0.3167828529405961,0.28855178444780144,0.5889303187244577,1
P14_15,FULL8,0.16720541490097166,0.029230802955241112,2.4112320641644347,-0.34119193875427345,0.13797461194573055,0.5083973536552451,1
P14_15,GLOBAL_EQ5,0.9902941385715854,0.18264241653184288,1.97378826891283,-0.381935804391901,0.8076517220397426,1.3722299429634863,1
P14_15,LOO_DBC,-0.10122341369137723,0.055523587129929906,1.9885257482450367,-0.41402683852542316,-0.15674700082130713,0.31280342483404594,0
P14_15,LOO_EEM,0.34345809731189925,-0.10591506034767179,2.497843832384341,-0.3574850771776539,0.44937315765957103,0.7009431744895531,1
P14_15,LOO_EFA,0.6225647381608113,-0.012186095655677479,2.523096624405889,-0.3305342397929265,0.6347508338164888,0.9530989779537378,1
P14_15,LOO_GLD,1.1649306087624338,0.08988092317581034,1.8561033339144084,-0.32717942629322494,1.0750496855866234,1.4921100350556586,1
P14_15,LOO_IWM,0.4722047472552787,0.013609879125283142,2.370202772917303,-0.30927006861717865,0.45859486812999556,0.7814748158724574,1
P14_15,LOO_QQQ,0.6950728806925524,0.1609987509076725,2.0947317442326967,-0.3121551804736919,0.5340741297848799,1.0072280611662443,1
P14_15,US3,0.10073199982694092,0.38358900050729894,2.101053121133746,-0.42668712516898744,-0.282857000680358,0.5274191249959284,1
P16_17,CROSS_ASSET4,-0.7986327412620985,-1.297470714429084,2.3858428747913116,-0.031964728630391924,0.4988379731669855,-0.7666680126317066,0
P16_17,EQ_BOND6,-2.211102760091045,-1.9730784966891417,2.0779122254381055,-0.09917822186033341,-0.2380242634019034,-2.1119245382307117,0
P16_17,EQ_REAL7_LOO_TLT,-1.2375853819908116,-1.300980441040943,2.401650299318603,-0.07539363071050638,0.06339505905013132,-1.1621917512803053,0
P16_17,FULL8,-1.1426989392182783,-0.7789769080338315,2.4773214076772656,-0.0746465242922657,-0.3637220311844468,-1.0680524149260124,0
P16_17,GLOBAL_EQ5,-2.7553544495425917,-1.5886505705378258,1.8253812562093765,-0.1198093251226594,-1.166703879004766,-2.635545124419932,0
P16_17,LOO_DBC,-2.080547094600695,-1.9922254460794553,2.3604673108099017,-0.07895242727938445,-0.08832164852123969,-2.0015946673213105,0
P16_17,LOO_EEM,-1.102295082764553,-1.079504912012881,2.29015817583631,-0.0670703505951002,-0.022790170751672,-1.0352247321694528,0
P16_17,LOO_EFA,-0.7705975964513366,-0.25565876673829707,2.4342864210261697,-0.05162821414333063,-0.5149388297130395,-0.718969382308006,0
P16_17,LOO_GLD,-1.324190083032078,-0.36016878593181906,2.098104899272524,-0.09129962967645185,-0.9640212971002591,-1.2328904533556262,0
P16_17,LOO_IWM,-0.964078927088508,-0.7767838233581291,2.3666046850508886,-0.07201854586697565,-0.18729510373037883,-0.8920603812215323,0
P16_17,LOO_QQQ,-1.445104118549393,-0.8534457488368368,2.4889712566011437,-0.07375110483647974,-0.5916583697125561,-1.371353013712913,0
P16_17,US3,-0.5316071619945141,0.18177570266895648,1.8141592029675766,-0.07798978816523681,-0.7133828646634706,-0.45361737382927725,0
P18_19,CROSS_ASSET4,0.20052840182700624,-0.24955086320002726,2.0457852966059913,-0.12466747882900692,0.4500792650270335,0.3251958806560131,1
P18_19,EQ_BOND6,0.47547859007895227,0.47639206257579564,1.678549767491135,-0.13427162143439975,-0.0009134724968433705,0.609750211513352,1
P18_19,EQ_REAL7_LOO_TLT,-0.04948255881905914,0.7564586135201874,1.7065654355571929,-0.15456083413441413,-0.8059411723392466,0.10507827531535499,0
P18_19,FULL8,0.18110048872487788,0.8545026684939083,1.8589463473419494,-0.1453760180057986,-0.6734021797690304,0.3264765067306765,1
P18_19,GLOBAL_EQ5,0.31103749888641696,0.49100591156300927,1.618398973485265,-0.15053408219404196,-0.1799684126765923,0.4615715810804589,1
P18_19,LOO_DBC,0.5152583219896102,0.6646679632458675,1.6551214475581713,-0.13548128282683214,-0.14940964125625733,0.6507396048164423,1
P18_19,LOO_EEM,0.19964381708867204,0.8594209349104693,1.7730349395240979,-0.12896428836854507,-0.6597771178217973,0.3286081054572171,1
P18_19,LOO_EFA,0.3239566534851778,0.8820047420617168,1.7067114330073787,-0.1351345431767885,-0.5580480885765389,0.4590911966619663,1
P18_19,LOO_GLD,0.1739230887089134,-0.757943632333112,1.848119574756687,-0.14677073083836237,0.9318667210420254,0.32069381954727577,1
P18_19,LOO_IWM,0.7276094813246857,0.49433609405551127,1.7513109230799,-0.14535474312412028,0.23327338726917446,0.8729642244488061,1
P18_19,LOO_QQQ,0.379349018491097,0.9563790975100335,1.7603816465145048,-0.15835901180136816,-0.5770300790189364,0.5377080302924652,1
P18_19,US3,0.4169463596987265,0.5171154652371264,1.5301079116269065,-0.10511959251930186,-0.10016910553839986,0.5220659522180284,1
