period,universe,selector,start_budget,full_budget,frontier_start,frontier_full,frontier_delta,frontier_expand_rate,selected_start,selected_full,selector_delta,selector_degrade_rate,regret_start,regret_full,rank_corr_start,rank_corr_full,classification
P12_13,CROSS_ASSET4,family_balanced,25,2670,1.0874032408035024,1.532627145604838,0.44522390480133556,0.98,0.26239476596668926,0.5233968572234088,0.2610020912567195,0.22,0.8250084748368129,1.0092302883814295,0.2996384615384616,0.2880294173039573,FRONTIER_AND_SELECTION_UP
P12_13,CROSS_ASSET4,mean_fold,25,2670,1.0874032408035024,1.532627145604838,0.44522390480133556,0.98,0.2512961345118922,0.5233968572234088,0.2721007227115166,0.19,0.8361071062916102,1.0092302883814295,0.2996384615384616,0.2880294173039573,FRONTIER_AND_SELECTION_UP
P12_13,CROSS_ASSET4,mean_rank,25,2670,1.0874032408035024,1.532627145604838,0.44522390480133556,0.98,0.24483969546446777,0.38557442823951626,0.1407347327750485,0.41,0.8425635453390348,1.1470527173653218,0.2996384615384616,0.2880294173039573,FRONTIER_AND_SELECTION_UP
P12_13,CROSS_ASSET4,nested_complexity,25,2670,1.0874032408035024,1.532627145604838,0.44522390480133556,0.98,0.2512961345118922,0.5233968572234088,0.2721007227115166,0.19,0.8361071062916102,1.0092302883814295,0.2996384615384616,0.2880294173039573,FRONTIER_AND_SELECTION_UP
P12_13,CROSS_ASSET4,single_fold,25,2670,1.0874032408035024,1.532627145604838,0.44522390480133556,0.98,0.08222511753106511,0.16552915475383337,0.08330403722276826,0.38,1.0051781232724373,1.367097990851004,0.2996384615384616,0.2880294173039573,FRONTIER_AND_SELECTION_UP
P12_13,CROSS_ASSET4,stability_lcb,25,2670,1.0874032408035024,1.532627145604838,0.44522390480133556,0.98,0.310896511352181,0.38557442823951626,0.07467791688733527,0.43,0.7765067294513215,1.1470527173653218,0.2996384615384616,0.2880294173039573,FRONTIER_AND_SELECTION_UP
P12_13,EQ_BOND6,family_balanced,25,2670,1.1874778762691678,1.7321664383330992,0.5446885620639315,0.98,0.5757012664091318,0.7708348666407712,0.1951336002316394,0.45,0.6117766098600359,0.9613315716923273,0.31009230769230767,0.31520344934490735,FRONTIER_AND_SELECTION_UP
P12_13,EQ_BOND6,mean_fold,25,2670,1.1874778762691678,1.7321664383330992,0.5446885620639315,0.98,0.23042121933610282,-1.3767020825036311,-1.607123301839734,0.96,0.9570566569330649,3.10886852083673,0.31009230769230767,0.31520344934490735,SELECTOR_LIMITED
P12_13,EQ_BOND6,mean_rank,25,2670,1.1874778762691678,1.7321664383330992,0.5446885620639315,0.98,0.15148602843954387,0.841125393908853,0.6896393654693092,0.23,1.0359918478296237,0.8910410444242456,0.31009230769230767,0.31520344934490735,FRONTIER_AND_SELECTION_UP
P12_13,EQ_BOND6,nested_complexity,25,2670,1.1874778762691678,1.7321664383330992,0.5446885620639315,0.98,0.23042121933610282,-1.3767020825036311,-1.607123301839734,0.96,0.9570566569330649,3.10886852083673,0.31009230769230767,0.31520344934490735,SELECTOR_LIMITED
P12_13,EQ_BOND6,single_fold,25,2670,1.1874778762691678,1.7321664383330992,0.5446885620639315,0.98,0.32087040865682126,1.1121733060972554,0.7913028974404341,0.18,0.8666074676123465,0.6199931322358434,0.31009230769230767,0.31520344934490735,FRONTIER_AND_SELECTION_UP
P12_13,EQ_BOND6,stability_lcb,25,2670,1.1874778762691678,1.7321664383330992,0.5446885620639315,0.98,0.057319653978986335,-0.7254466461646749,-0.7827663001436612,0.81,1.1301582222901814,2.457613084497773,0.31009230769230767,0.31520344934490735,SELECTOR_LIMITED
P12_13,EQ_REAL7_LOO_TLT,family_balanced,25,2670,1.3187284747489416,2.159130372087553,0.8404018973386114,0.99,0.57888803017087,0.9514652625133665,0.3725772323424965,0.27,0.7398404445780719,1.2076651095741857,0.32043846153846156,0.3182717078878362,FRONTIER_AND_SELECTION_UP
P12_13,EQ_REAL7_LOO_TLT,mean_fold,25,2670,1.3187284747489416,2.159130372087553,0.8404018973386114,0.99,0.38310543803817654,0.6617565174206861,0.27865107938250955,0.4,0.9356230367107653,1.4973738546668667,0.32043846153846156,0.3182717078878362,FRONTIER_AND_SELECTION_UP
P12_13,EQ_REAL7_LOO_TLT,mean_rank,25,2670,1.3187284747489416,2.159130372087553,0.8404018973386114,0.99,0.43294644641261404,0.6617565174206861,0.22881007100807205,0.48,0.8857820283363279,1.4973738546668667,0.32043846153846156,0.3182717078878362,FRONTIER_AND_SELECTION_UP
P12_13,EQ_REAL7_LOO_TLT,nested_complexity,25,2670,1.3187284747489416,2.159130372087553,0.8404018973386114,0.99,0.38310543803817654,0.6617565174206861,0.27865107938250955,0.4,0.9356230367107653,1.4973738546668667,0.32043846153846156,0.3182717078878362,FRONTIER_AND_SELECTION_UP
P12_13,EQ_REAL7_LOO_TLT,single_fold,25,2670,1.3187284747489416,2.159130372087553,0.8404018973386114,0.99,0.47281751989364695,-1.3485932354898327,-1.8214107553834795,0.98,0.8459109548552951,3.507723607577382,0.32043846153846156,0.3182717078878362,SELECTOR_LIMITED
P12_13,EQ_REAL7_LOO_TLT,stability_lcb,25,2670,1.3187284747489416,2.159130372087553,0.8404018973386114,0.99,0.26307630223512907,0.9514652625133665,0.6883889602782374,0.21,1.0556521725138128,1.2076651095741857,0.32043846153846156,0.3182717078878362,FRONTIER_AND_SELECTION_UP
P12_13,FULL8,family_balanced,25,2670,1.1872348054952222,1.9427774957786423,0.7555426902834201,0.99,0.5011748159002581,0.8127289324044539,0.31155411650419573,0.33,0.6860599895949642,1.1300485633741884,0.36778461538461543,0.3724321260248626,FRONTIER_AND_SELECTION_UP
P12_13,FULL8,mean_fold,25,2670,1.1872348054952222,1.9427774957786423,0.7555426902834201,0.99,0.4523122723866065,0.5406748786294956,0.08836260624288911,0.51,0.7349225331086157,1.402102617149147,0.36778461538461543,0.3724321260248626,FRONTIER_AND_SELECTION_UP
P12_13,FULL8,mean_rank,25,2670,1.1872348054952222,1.9427774957786423,0.7555426902834201,0.99,0.4001205442467418,0.8127289324044539,0.41260838815771206,0.34,0.7871142612484805,1.1300485633741884,0.36778461538461543,0.3724321260248626,FRONTIER_AND_SELECTION_UP
P12_13,FULL8,nested_complexity,25,2670,1.1872348054952222,1.9427774957786423,0.7555426902834201,0.99,0.4523122723866065,0.5406748786294956,0.08836260624288911,0.51,0.7349225331086157,1.402102617149147,0.36778461538461543,0.3724321260248626,FRONTIER_AND_SELECTION_UP
P12_13,FULL8,single_fold,25,2670,1.1872348054952222,1.9427774957786423,0.7555426902834201,0.99,0.40104043775771986,0.5567812381814059,0.15574080042368604,0.47,0.7861943677375024,1.3859962575972367,0.36778461538461543,0.3724321260248626,FRONTIER_AND_SELECTION_UP
P12_13,FULL8,stability_lcb,25,2670,1.1872348054952222,1.9427774957786423,0.7555426902834201,0.99,0.2585480976388799,0.8127289324044539,0.5541808347655739,0.24,0.9286867078563423,1.1300485633741884,0.36778461538461543,0.3724321260248626,FRONTIER_AND_SELECTION_UP
P12_13,GLOBAL_EQ5,family_balanced,25,2670,1.2608324287432595,1.7789864873835737,0.5181540586403142,0.98,-0.35345780667900967,1.3848335596652854,1.7382913663442952,0.0,1.6142902354222692,0.394152927718288,0.19026153846153845,0.18729535015532778,FRONTIER_AND_SELECTION_UP
P12_13,GLOBAL_EQ5,mean_fold,25,2670,1.2608324287432595,1.7789864873835737,0.5181540586403142,0.98,0.07577572688426348,-1.267271583466211,-1.3430473103504745,0.93,1.1850567018589961,3.0462580708497837,0.19026153846153845,0.18729535015532778,SELECTOR_LIMITED
P12_13,GLOBAL_EQ5,mean_rank,25,2670,1.2608324287432595,1.7789864873835737,0.5181540586403142,0.98,0.13047852922011874,1.0162474084432203,0.8857688792231015,0.13,1.1303538995231408,0.7627390789403532,0.19026153846153845,0.18729535015532778,FRONTIER_AND_SELECTION_UP
P12_13,GLOBAL_EQ5,nested_complexity,25,2670,1.2608324287432595,1.7789864873835737,0.5181540586403142,0.98,0.07577572688426348,-1.267271583466211,-1.3430473103504745,0.93,1.1850567018589961,3.0462580708497837,0.19026153846153845,0.18729535015532778,SELECTOR_LIMITED
P12_13,GLOBAL_EQ5,single_fold,25,2670,1.2608324287432595,1.7789864873835737,0.5181540586403142,0.98,0.3697144514631991,-0.022451471815308613,-0.3921659232785077,0.63,0.8911179772800604,1.8014379591988825,0.19026153846153845,0.18729535015532778,SELECTOR_LIMITED
P12_13,GLOBAL_EQ5,stability_lcb,25,2670,1.2608324287432595,1.7789864873835737,0.5181540586403142,0.98,-0.05594923687436205,-0.7016359831453914,-0.6456867462710294,0.77,1.3167816656176214,2.480622470528964,0.19026153846153845,0.18729535015532778,SELECTOR_LIMITED
P12_13,LOO_DBC,family_balanced,25,2670,1.2407569768201316,1.6548261920235297,0.414069215203398,0.98,0.649978097563162,1.0927828482106787,0.4428047506475167,0.2,0.5907788792569696,0.5620433438128504,0.41126923076923083,0.4115127328067432,FRONTIER_AND_SELECTION_UP
P12_13,LOO_DBC,mean_fold,25,2670,1.2407569768201316,1.6548261920235297,0.414069215203398,0.98,0.5730314705526456,1.0927828482106787,0.5197513776580331,0.23,0.6677255062674858,0.5620433438128504,0.41126923076923083,0.4115127328067432,FRONTIER_AND_SELECTION_UP
P12_13,LOO_DBC,mean_rank,25,2670,1.2407569768201316,1.6548261920235297,0.414069215203398,0.98,0.4999498682469947,1.0927828482106787,0.592832979963684,0.21,0.7408071085731365,0.5620433438128504,0.41126923076923083,0.4115127328067432,FRONTIER_AND_SELECTION_UP
P12_13,LOO_DBC,nested_complexity,25,2670,1.2407569768201316,1.6548261920235297,0.414069215203398,0.98,0.5730314705526456,1.0927828482106787,0.5197513776580331,0.23,0.6677255062674858,0.5620433438128504,0.41126923076923083,0.4115127328067432,FRONTIER_AND_SELECTION_UP
P12_13,LOO_DBC,single_fold,25,2670,1.2407569768201316,1.6548261920235297,0.414069215203398,0.98,0.39774947582786113,0.0935343846829328,-0.30421509114492834,0.73,0.8430075009922703,1.561291807340597,0.41126923076923083,0.4115127328067432,SELECTOR_LIMITED
P12_13,LOO_DBC,stability_lcb,25,2670,1.2407569768201316,1.6548261920235297,0.414069215203398,0.98,0.3981908059450206,1.0927828482106787,0.6945920422656582,0.18,0.8425661708751109,0.5620433438128504,0.41126923076923083,0.4115127328067432,FRONTIER_AND_SELECTION_UP
P12_13,LOO_EEM,family_balanced,25,2670,1.4320065083270799,1.9653970008429373,0.5333904925158575,0.97,0.6243232933677748,0.9436505584451641,0.3193272650773893,0.25,0.8076832149593056,1.021746442397774,0.42689230769230785,0.4280121100440473,FRONTIER_AND_SELECTION_UP
P12_13,LOO_EEM,mean_fold,25,2670,1.4320065083270799,1.9653970008429373,0.5333904925158575,0.97,0.596061894994213,0.9436505584451641,0.3475886634509511,0.27,0.8359446133328673,1.021746442397774,0.42689230769230785,0.4280121100440473,FRONTIER_AND_SELECTION_UP
P12_13,LOO_EEM,mean_rank,25,2670,1.4320065083270799,1.9653970008429373,0.5333904925158575,0.97,0.6349079724109307,0.7707284515946856,0.13582047918375495,0.45,0.7970985359161499,1.1946685492482525,0.42689230769230785,0.4280121100440473,FRONTIER_AND_SELECTION_UP
P12_13,LOO_EEM,nested_complexity,25,2670,1.4320065083270799,1.9653970008429373,0.5333904925158575,0.97,0.596061894994213,0.9436505584451641,0.3475886634509511,0.27,0.8359446133328673,1.021746442397774,0.42689230769230785,0.4280121100440473,FRONTIER_AND_SELECTION_UP
P12_13,LOO_EEM,single_fold,25,2670,1.4320065083270799,1.9653970008429373,0.5333904925158575,0.97,0.5582601195029846,0.6138890180081165,0.05562889850513186,0.5,0.8737463888240958,1.3515079828348215,0.42689230769230785,0.4280121100440473,FRONTIER_AND_SELECTION_UP
P12_13,LOO_EEM,stability_lcb,25,2670,1.4320065083270799,1.9653970008429373,0.5333904925158575,0.97,0.49538266719426544,0.9436505584451641,0.44826789125089866,0.23,0.9366238411328149,1.021746442397774,0.42689230769230785,0.4280121100440473,FRONTIER_AND_SELECTION_UP
P12_13,LOO_EFA,family_balanced,25,2670,1.2576162753231637,1.735967346607959,0.47835107128479537,0.99,0.5661638644283614,0.8608083086418076,0.29464444421344615,0.3,0.6914524108948024,0.8751590379661515,0.3961692307692307,0.3963068573059561,FRONTIER_AND_SELECTION_UP
P12_13,LOO_EFA,mean_fold,25,2670,1.2576162753231637,1.735967346607959,0.47835107128479537,0.99,0.5754396233346949,0.8608083086418076,0.2853686853071127,0.37,0.682176651988469,0.8751590379661515,0.3961692307692307,0.3963068573059561,FRONTIER_AND_SELECTION_UP
P12_13,LOO_EFA,mean_rank,25,2670,1.2576162753231637,1.735967346607959,0.47835107128479537,0.99,0.5712951145915528,0.7494589397549367,0.17816382516338392,0.43,0.686321160731611,0.9865084068530215,0.3961692307692307,0.3963068573059561,FRONTIER_AND_SELECTION_UP
P12_13,LOO_EFA,nested_complexity,25,2670,1.2576162753231637,1.735967346607959,0.47835107128479537,0.99,0.5754396233346949,0.8608083086418076,0.2853686853071127,0.37,0.682176651988469,0.8751590379661515,0.3961692307692307,0.3963068573059561,FRONTIER_AND_SELECTION_UP
P12_13,LOO_EFA,single_fold,25,2670,1.2576162753231637,1.735967346607959,0.47835107128479537,0.99,0.4198384404777436,-1.617277977925794,-2.0371164184035377,0.98,0.83777783484542,3.353245324533753,0.3961692307692307,0.3963068573059561,SELECTOR_LIMITED
P12_13,LOO_EFA,stability_lcb,25,2670,1.2576162753231637,1.735967346607959,0.47835107128479537,0.99,0.4910631091646723,0.8608083086418076,0.3697451994771353,0.3,0.7665531661584915,0.8751590379661515,0.3961692307692307,0.3963068573059561,FRONTIER_AND_SELECTION_UP
P12_13,LOO_GLD,family_balanced,25,2670,1.1165905025310452,1.681493881635191,0.5649033791041458,0.99,0.42165022818431497,0.4436865673732297,0.022036339188914733,0.51,0.69494027434673,1.2378073142619603,0.2598307692307692,0.2652795684757164,FRONTIER_AND_SELECTION_UP
P12_13,LOO_GLD,mean_fold,25,2670,1.1165905025310452,1.681493881635191,0.5649033791041458,0.99,0.2189150554523133,0.6305624013217869,0.4116473458694736,0.35,0.8976754470787318,1.0509314803134038,0.2598307692307692,0.2652795684757164,FRONTIER_AND_SELECTION_UP
P12_13,LOO_GLD,mean_rank,25,2670,1.1165905025310452,1.681493881635191,0.5649033791041458,0.99,0.21428253298921407,0.6305624013217869,0.4162798683325728,0.33,0.902307969541831,1.0509314803134038,0.2598307692307692,0.2652795684757164,FRONTIER_AND_SELECTION_UP
P12_13,LOO_GLD,nested_complexity,25,2670,1.1165905025310452,1.681493881635191,0.5649033791041458,0.99,0.2189150554523133,0.6305624013217869,0.4116473458694736,0.35,0.8976754470787318,1.0509314803134038,0.2598307692307692,0.2652795684757164,FRONTIER_AND_SELECTION_UP
P12_13,LOO_GLD,single_fold,25,2670,1.1165905025310452,1.681493881635191,0.5649033791041458,0.99,0.34383636950558105,1.1465931138835506,0.8027567443779695,0.13,0.7727541330254639,0.5349007677516402,0.2598307692307692,0.2652795684757164,FRONTIER_AND_SELECTION_UP
P12_13,LOO_GLD,stability_lcb,25,2670,1.1165905025310452,1.681493881635191,0.5649033791041458,0.99,0.0057978127081298025,0.22965535294289008,0.2238575402347603,0.47,1.110792689822915,1.4518385286922995,0.2598307692307692,0.2652795684757164,FRONTIER_AND_SELECTION_UP
P12_13,LOO_IWM,family_balanced,25,2670,1.0610859824230765,1.4455487683974595,0.384462785974383,0.99,0.43497372842671855,0.652024741615145,0.21705101318842646,0.35,0.6261122539963582,0.7935240267823143,0.3677461538461539,0.36482747860094344,FRONTIER_AND_SELECTION_UP
P12_13,LOO_IWM,mean_fold,25,2670,1.0610859824230765,1.4455487683974595,0.384462785974383,0.99,0.37540358453458167,0.9177335331423768,0.5423299486077952,0.19,0.6856823978884948,0.527815235255083,0.3677461538461539,0.36482747860094344,FRONTIER_AND_SELECTION_UP
P12_13,LOO_IWM,mean_rank,25,2670,1.0610859824230765,1.4455487683974595,0.384462785974383,0.99,0.29696943301818807,0.652024741615145,0.35505530859695694,0.3,0.7641165494048886,0.7935240267823143,0.3677461538461539,0.36482747860094344,FRONTIER_AND_SELECTION_UP
P12_13,LOO_IWM,nested_complexity,25,2670,1.0610859824230765,1.4455487683974595,0.384462785974383,0.99,0.37540358453458167,0.9177335331423768,0.5423299486077952,0.19,0.6856823978884948,0.527815235255083,0.3677461538461539,0.36482747860094344,FRONTIER_AND_SELECTION_UP
P12_13,LOO_IWM,single_fold,25,2670,1.0610859824230765,1.4455487683974595,0.384462785974383,0.99,0.3427538088711728,0.5461563211053572,0.20340251223418437,0.45,0.7183321735519036,0.8993924472921024,0.3677461538461539,0.36482747860094344,FRONTIER_AND_SELECTION_UP
P12_13,LOO_IWM,stability_lcb,25,2670,1.0610859824230765,1.4455487683974595,0.384462785974383,0.99,0.16561484978319707,0.9177335331423768,0.7521186833591798,0.1,0.8954711326398794,0.527815235255083,0.3677461538461539,0.36482747860094344,FRONTIER_AND_SELECTION_UP
P12_13,LOO_QQQ,family_balanced,25,2670,0.9661002728528401,1.5275391360337034,0.5614388631808633,0.99,0.2981918386008419,0.5971614412233439,0.298969602622502,0.28,0.667908434251998,0.9303776948103593,0.29750000000000004,0.29604549662002344,FRONTIER_AND_SELECTION_UP
P12_13,LOO_QQQ,mean_fold,25,2670,0.9661002728528401,1.5275391360337034,0.5614388631808633,0.99,0.2645079746278973,0.5971614412233439,0.3326534665954466,0.33,0.7015922982249427,0.9303776948103593,0.29750000000000004,0.29604549662002344,FRONTIER_AND_SELECTION_UP
P12_13,LOO_QQQ,mean_rank,25,2670,0.9661002728528401,1.5275391360337034,0.5614388631808633,0.99,0.18124727191357717,0.32937221230634983,0.14812494039277266,0.52,0.7848530009392627,1.1981669237273536,0.29750000000000004,0.29604549662002344,FRONTIER_AND_SELECTION_UP
P12_13,LOO_QQQ,nested_complexity,25,2670,0.9661002728528401,1.5275391360337034,0.5614388631808633,0.99,0.2645079746278973,0.5971614412233439,0.3326534665954466,0.33,0.7015922982249427,0.9303776948103593,0.29750000000000004,0.29604549662002344,FRONTIER_AND_SELECTION_UP
P12_13,LOO_QQQ,single_fold,25,2670,0.9661002728528401,1.5275391360337034,0.5614388631808633,0.99,0.18387669742548204,0.8615374850110412,0.6776607875855591,0.13,0.7822235754273579,0.6660016510226628,0.29750000000000004,0.29604549662002344,FRONTIER_AND_SELECTION_UP
P12_13,LOO_QQQ,stability_lcb,25,2670,0.9661002728528401,1.5275391360337034,0.5614388631808633,0.99,0.16039293143756558,0.5083259999043364,0.34793306846677075,0.34,0.8057073414152743,1.0192131361293668,0.29750000000000004,0.29604549662002344,FRONTIER_AND_SELECTION_UP
P12_13,US3,family_balanced,25,2670,1.7609960405025853,2.096154663280856,0.3351586227782706,0.97,-0.21882091757037883,-0.7054073712118423,-0.48658645364146347,0.72,1.979816958072964,2.8015620344926977,0.27142307692307693,0.27911876530673313,SELECTOR_LIMITED
P12_13,US3,mean_fold,25,2670,1.7609960405025853,2.096154663280856,0.3351586227782706,0.97,0.3814692537211248,-0.7054073712118423,-1.086876624932967,0.81,1.3795267867814607,2.8015620344926977,0.27142307692307693,0.27911876530673313,SELECTOR_LIMITED
P12_13,US3,mean_rank,25,2670,1.7609960405025853,2.096154663280856,0.3351586227782706,0.97,0.45851427837361847,-0.7054073712118423,-1.1639216495854607,0.84,1.3024817621289668,2.8015620344926977,0.27142307692307693,0.27911876530673313,SELECTOR_LIMITED
P12_13,US3,nested_complexity,25,2670,1.7609960405025853,2.096154663280856,0.3351586227782706,0.97,0.32343599674285195,-0.7054073712118423,-1.0288433679546942,0.8,1.4375600437597333,2.8015620344926977,0.27142307692307693,0.27911876530673313,SELECTOR_LIMITED
P12_13,US3,single_fold,25,2670,1.7609960405025853,2.096154663280856,0.3351586227782706,0.97,0.800796394183927,0.6765112773203977,-0.12428511686352928,0.67,0.9601996463186583,1.4196433859604582,0.27142307692307693,0.27911876530673313,SELECTOR_LIMITED
P12_13,US3,stability_lcb,25,2670,1.7609960405025853,2.096154663280856,0.3351586227782706,0.97,0.24886503070704333,-0.7054073712118423,-0.9542724019188856,0.83,1.512131009795542,2.8015620344926977,0.27142307692307693,0.27911876530673313,SELECTOR_LIMITED
P14_15,CROSS_ASSET4,family_balanced,25,2670,1.223951344322639,2.519098216781135,1.2951468724584958,1.0,0.5942626182549099,1.1649261917512792,0.5706635734963693,0.16,0.6296887260677292,1.354172025029855,0.49663076923076926,0.5309791430216454,FRONTIER_AND_SELECTION_UP
P14_15,CROSS_ASSET4,mean_fold,25,2670,1.223951344322639,2.519098216781135,1.2951468724584958,1.0,0.5827295033966373,-0.21058901965875051,-0.7933185230553879,0.9,0.6412218409260018,2.7296872364398848,0.49663076923076926,0.5309791430216454,SELECTOR_LIMITED
P14_15,CROSS_ASSET4,mean_rank,25,2670,1.223951344322639,2.519098216781135,1.2951468724584958,1.0,0.6039177806167239,-0.21058901965875051,-0.8145068002754744,0.9,0.6200335637059152,2.7296872364398848,0.49663076923076926,0.5309791430216454,SELECTOR_LIMITED
P14_15,CROSS_ASSET4,nested_complexity,25,2670,1.223951344322639,2.519098216781135,1.2951468724584958,1.0,0.5827295033966373,-0.21058901965875051,-0.7933185230553879,0.9,0.6412218409260018,2.7296872364398848,0.49663076923076926,0.5309791430216454,SELECTOR_LIMITED
P14_15,CROSS_ASSET4,single_fold,25,2670,1.223951344322639,2.519098216781135,1.2951468724584958,1.0,0.20440730646208002,0.6245409311532254,0.42013362469114535,0.29,1.019544037860559,1.8945572856279091,0.49663076923076926,0.5309791430216454,FRONTIER_AND_SELECTION_UP
P14_15,CROSS_ASSET4,stability_lcb,25,2670,1.223951344322639,2.519098216781135,1.2951468724584958,1.0,0.5798841591104987,-0.21058901965875051,-0.7904731787692493,0.86,0.6440671852121403,2.7296872364398848,0.49663076923076926,0.5309791430216454,SELECTOR_LIMITED
P14_15,EQ_BOND6,family_balanced,25,2670,0.8069427388830287,1.9403122212063662,1.1333694823233373,1.0,-0.21746912264031198,0.10388909325601149,0.32135821589632346,0.27,1.0244118615233408,1.8364231279503545,0.27466153846153846,0.3153283881327903,FRONTIER_AND_SELECTION_UP
P14_15,EQ_BOND6,mean_fold,25,2670,0.8069427388830287,1.9403122212063662,1.1333694823233373,1.0,0.07796161050778733,0.16661368412716812,0.0886520736193808,0.49,0.7289811283752414,1.7736985370791976,0.27466153846153846,0.3153283881327903,FRONTIER_AND_SELECTION_UP
P14_15,EQ_BOND6,mean_rank,25,2670,0.8069427388830287,1.9403122212063662,1.1333694823233373,1.0,0.09990195506255244,0.16661368412716812,0.06671172906461569,0.48,0.7070407838204764,1.7736985370791976,0.27466153846153846,0.3153283881327903,FRONTIER_AND_SELECTION_UP
P14_15,EQ_BOND6,nested_complexity,25,2670,0.8069427388830287,1.9403122212063662,1.1333694823233373,1.0,0.07796161050778733,0.16661368412716812,0.0886520736193808,0.49,0.7289811283752414,1.7736985370791976,0.27466153846153846,0.3153283881327903,FRONTIER_AND_SELECTION_UP
P14_15,EQ_BOND6,single_fold,25,2670,0.8069427388830287,1.9403122212063662,1.1333694823233373,1.0,0.08638176710300473,0.16661368412716812,0.0802319170241634,0.5,0.720560971780024,1.7736985370791976,0.27466153846153846,0.3153283881327903,FRONTIER_AND_SELECTION_UP
P14_15,EQ_BOND6,stability_lcb,25,2670,0.8069427388830287,1.9403122212063662,1.1333694823233373,1.0,-0.019762826116972946,0.16661368412716812,0.18637651024414106,0.43,0.8267055650000017,1.7736985370791976,0.27466153846153846,0.3153283881327903,FRONTIER_AND_SELECTION_UP
P14_15,EQ_REAL7_LOO_TLT,family_balanced,25,2670,0.9464840523163631,2.651143483833373,1.70465943151701,0.98,0.2671355879361251,0.21234580334020553,-0.054789784595919544,0.54,0.6793484643802381,2.4387976804931673,0.3821153846153847,0.4204990970295141,SELECTOR_LIMITED
P14_15,EQ_REAL7_LOO_TLT,mean_fold,25,2670,0.9464840523163631,2.651143483833373,1.70465943151701,0.98,0.31832624049937247,-0.01640431866393991,-0.3347305591633124,0.74,0.6281578118169906,2.667547802497314,0.3821153846153847,0.4204990970295141,SELECTOR_LIMITED
P14_15,EQ_REAL7_LOO_TLT,mean_rank,25,2670,0.9464840523163631,2.651143483833373,1.70465943151701,0.98,0.16303694838866292,0.42704357470870585,0.2640066263200429,0.33,0.7834471039277005,2.224099909124668,0.3821153846153847,0.4204990970295141,FRONTIER_AND_SELECTION_UP
P14_15,EQ_REAL7_LOO_TLT,nested_complexity,25,2670,0.9464840523163631,2.651143483833373,1.70465943151701,0.98,0.36645346256290834,-0.01640431866393991,-0.38285778122684827,0.78,0.5800305897534548,2.667547802497314,0.3821153846153847,0.4204990970295141,SELECTOR_LIMITED
P14_15,EQ_REAL7_LOO_TLT,single_fold,25,2670,0.9464840523163631,2.651143483833373,1.70465943151701,0.98,-0.049802599109046726,0.3058979328739789,0.3557005319830256,0.31,0.9962866514254098,2.345245550959394,0.3821153846153847,0.4204990970295141,FRONTIER_AND_SELECTION_UP
P14_15,EQ_REAL7_LOO_TLT,stability_lcb,25,2670,0.9464840523163631,2.651143483833373,1.70465943151701,0.98,0.09880308326002978,0.42704357470870585,0.32824049144867606,0.27,0.8476809690563336,2.224099909124668,0.3821153846153847,0.4204990970295141,FRONTIER_AND_SELECTION_UP
P14_15,FULL8,family_balanced,25,2670,0.9132883575083619,2.4112320641644347,1.4979437066560728,1.0,0.09468109925415633,0.337603171668698,0.2429220724145417,0.37,0.8186072582542058,2.0736288924957376,0.4067923076923077,0.45195012083204406,FRONTIER_AND_SELECTION_UP
P14_15,FULL8,mean_fold,25,2670,0.9132883575083619,2.4112320641644347,1.4979437066560728,1.0,0.3655829164904229,0.029230802955241112,-0.3363521135351818,0.76,0.5477054410179392,2.3820012612091936,0.4067923076923077,0.45195012083204406,SELECTOR_LIMITED
P14_15,FULL8,mean_rank,25,2670,0.9132883575083619,2.4112320641644347,1.4979437066560728,1.0,0.28544343527268745,0.029230802955241112,-0.25621263231744634,0.73,0.6278449222356746,2.3820012612091936,0.4067923076923077,0.45195012083204406,SELECTOR_LIMITED
P14_15,FULL8,nested_complexity,25,2670,0.9132883575083619,2.4112320641644347,1.4979437066560728,1.0,0.3655829164904229,0.029230802955241112,-0.3363521135351818,0.76,0.5477054410179392,2.3820012612091936,0.4067923076923077,0.45195012083204406,SELECTOR_LIMITED
P14_15,FULL8,single_fold,25,2670,0.9132883575083619,2.4112320641644347,1.4979437066560728,1.0,-0.07555481653872854,0.029230802955241112,0.10478561949396965,0.49,0.9888431740470905,2.3820012612091936,0.4067923076923077,0.45195012083204406,FRONTIER_AND_SELECTION_UP
P14_15,FULL8,stability_lcb,25,2670,0.9132883575083619,2.4112320641644347,1.4979437066560728,1.0,0.17026265529154155,0.029230802955241112,-0.14103185233630045,0.68,0.7430257022168203,2.3820012612091936,0.4067923076923077,0.45195012083204406,SELECTOR_LIMITED
P14_15,GLOBAL_EQ5,family_balanced,25,2670,0.9527767211651956,1.97378826891283,1.0210115477476345,1.0,-0.23700690685845605,0.16935463836997042,0.4063615452284265,0.21,1.1897836280236518,1.8044336305428592,0.2693076923076923,0.311928839332205,FRONTIER_AND_SELECTION_UP
P14_15,GLOBAL_EQ5,mean_fold,25,2670,0.9527767211651956,1.97378826891283,1.0210115477476345,1.0,0.02749476699210359,0.18264241653184288,0.15514764953973928,0.41,0.9252819541730921,1.7911458523809862,0.2693076923076923,0.311928839332205,FRONTIER_AND_SELECTION_UP
P14_15,GLOBAL_EQ5,mean_rank,25,2670,0.9527767211651956,1.97378826891283,1.0210115477476345,1.0,0.008588578344886372,0.18264241653184288,0.1740538381869565,0.39,0.9441881428203093,1.7911458523809862,0.2693076923076923,0.311928839332205,FRONTIER_AND_SELECTION_UP
P14_15,GLOBAL_EQ5,nested_complexity,25,2670,0.9527767211651956,1.97378826891283,1.0210115477476345,1.0,0.02749476699210359,0.18264241653184288,0.15514764953973928,0.41,0.9252819541730921,1.7911458523809862,0.2693076923076923,0.311928839332205,FRONTIER_AND_SELECTION_UP
P14_15,GLOBAL_EQ5,single_fold,25,2670,0.9527767211651956,1.97378826891283,1.0210115477476345,1.0,0.03795102951814773,0.6773626075396895,0.6394115780215417,0.17,0.914825691647048,1.2964256613731402,0.2693076923076923,0.311928839332205,FRONTIER_AND_SELECTION_UP
P14_15,GLOBAL_EQ5,stability_lcb,25,2670,0.9527767211651956,1.97378826891283,1.0210115477476345,1.0,-0.03396242630596536,0.18264241653184288,0.21660484283780823,0.44,0.9867391474711609,1.7911458523809862,0.2693076923076923,0.311928839332205,FRONTIER_AND_SELECTION_UP
P14_15,LOO_DBC,family_balanced,25,2670,0.7831753523840986,1.9885257482450367,1.205350395860938,1.0,-0.28155390744251063,-0.1359115192723268,0.14564238817018382,0.38,1.0647292598266094,2.1244372675173637,0.15410000000000001,0.17943615260279777,FRONTIER_AND_SELECTION_UP
P14_15,LOO_DBC,mean_fold,25,2670,0.7831753523840986,1.9885257482450367,1.205350395860938,1.0,-0.11286362146096085,0.055523587129929906,0.16838720859089076,0.35,0.8960389738450596,1.9330021611151063,0.15410000000000001,0.17943615260279777,FRONTIER_AND_SELECTION_UP
P14_15,LOO_DBC,mean_rank,25,2670,0.7831753523840986,1.9885257482450367,1.205350395860938,1.0,-0.06017450270924279,0.055523587129929906,0.1156980898391727,0.4,0.8433498550933416,1.9330021611151063,0.15410000000000001,0.17943615260279777,FRONTIER_AND_SELECTION_UP
P14_15,LOO_DBC,nested_complexity,25,2670,0.7831753523840986,1.9885257482450367,1.205350395860938,1.0,-0.11286362146096085,0.055523587129929906,0.16838720859089076,0.35,0.8960389738450596,1.9330021611151063,0.15410000000000001,0.17943615260279777,FRONTIER_AND_SELECTION_UP
P14_15,LOO_DBC,single_fold,25,2670,0.7831753523840986,1.9885257482450367,1.205350395860938,1.0,0.07839971229048552,0.055523587129929906,-0.022876125160555615,0.51,0.7047756400936132,1.9330021611151063,0.15410000000000001,0.17943615260279777,SELECTOR_LIMITED
P14_15,LOO_DBC,stability_lcb,25,2670,0.7831753523840986,1.9885257482450367,1.205350395860938,1.0,-0.01620940883350336,0.055523587129929906,0.07173299596343327,0.45,0.7993847612176022,1.9330021611151063,0.15410000000000001,0.17943615260279777,FRONTIER_AND_SELECTION_UP
P14_15,LOO_EEM,family_balanced,25,2670,0.9836646278089408,2.497843832384341,1.5141792045754001,1.0,0.23255790845999158,0.5715436370768493,0.3389857286168577,0.3,0.7511067193489489,1.9263001953074919,0.39041538461538466,0.42544583121728907,FRONTIER_AND_SELECTION_UP
P14_15,LOO_EEM,mean_fold,25,2670,0.9836646278089408,2.497843832384341,1.5141792045754001,1.0,0.2851139207478763,-0.10591506034767179,-0.39102898109554807,0.78,0.6985507070610645,2.603758892732013,0.39041538461538466,0.42544583121728907,SELECTOR_LIMITED
P14_15,LOO_EEM,mean_rank,25,2670,0.9836646278089408,2.497843832384341,1.5141792045754001,1.0,0.28875059354035765,-0.10591506034767179,-0.39466565388802943,0.77,0.694914034268583,2.603758892732013,0.39041538461538466,0.42544583121728907,SELECTOR_LIMITED
P14_15,LOO_EEM,nested_complexity,25,2670,0.9836646278089408,2.497843832384341,1.5141792045754001,1.0,0.2851139207478763,-0.10591506034767179,-0.39102898109554807,0.78,0.6985507070610645,2.603758892732013,0.39041538461538466,0.42544583121728907,SELECTOR_LIMITED
P14_15,LOO_EEM,single_fold,25,2670,0.9836646278089408,2.497843832384341,1.5141792045754001,1.0,0.013583546656924777,-0.10591506034767179,-0.11949860700459657,0.51,0.970081081152016,2.603758892732013,0.39041538461538466,0.42544583121728907,SELECTOR_LIMITED
P14_15,LOO_EEM,stability_lcb,25,2670,0.9836646278089408,2.497843832384341,1.5141792045754001,1.0,0.24778383351874908,-0.10591506034767179,-0.35369889386642084,0.74,0.7358807942901915,2.603758892732013,0.39041538461538466,0.42544583121728907,SELECTOR_LIMITED
P14_15,LOO_EFA,family_balanced,25,2670,0.9732763647135347,2.523096624405889,1.5498202596923543,1.0,0.317925596943764,0.721871975180007,0.403946378236243,0.29,0.6553507677697706,1.8012246492258817,0.4444461538461538,0.48289477082071,FRONTIER_AND_SELECTION_UP
P14_15,LOO_EFA,mean_fold,25,2670,0.9732763647135347,2.523096624405889,1.5498202596923543,1.0,0.40316182409918466,-0.012186095655677479,-0.4153479197548621,0.73,0.5701145406143501,2.535282720061566,0.4444461538461538,0.48289477082071,SELECTOR_LIMITED
P14_15,LOO_EFA,mean_rank,25,2670,0.9732763647135347,2.523096624405889,1.5498202596923543,1.0,0.3310663157165014,-0.012186095655677479,-0.3432524113721789,0.69,0.6422100489970332,2.535282720061566,0.4444461538461538,0.48289477082071,SELECTOR_LIMITED
P14_15,LOO_EFA,nested_complexity,25,2670,0.9732763647135347,2.523096624405889,1.5498202596923543,1.0,0.40316182409918466,-0.012186095655677479,-0.4153479197548621,0.73,0.5701145406143501,2.535282720061566,0.4444461538461538,0.48289477082071,SELECTOR_LIMITED
P14_15,LOO_EFA,single_fold,25,2670,0.9732763647135347,2.523096624405889,1.5498202596923543,1.0,-0.004052604775891346,-0.012186095655677479,-0.008133490879786133,0.49,0.9773289694894263,2.535282720061566,0.4444461538461538,0.48289477082071,SELECTOR_LIMITED
P14_15,LOO_EFA,stability_lcb,25,2670,0.9732763647135347,2.523096624405889,1.5498202596923543,1.0,0.3045795107677702,-0.012186095655677479,-0.31676560642344764,0.71,0.6686968539457646,2.535282720061566,0.4444461538461538,0.48289477082071,SELECTOR_LIMITED
P14_15,LOO_GLD,family_balanced,25,2670,1.0044857887320577,1.8561033339144084,0.8516175451823507,0.99,0.10449263543060856,0.08988092317581034,-0.014611712254798223,0.58,0.8999931533014491,1.7662224107385986,0.4144076923076924,0.4527096877784889,SELECTOR_LIMITED
P14_15,LOO_GLD,mean_fold,25,2670,1.0044857887320577,1.8561033339144084,0.8516175451823507,0.99,0.40204122343914434,0.08988092317581034,-0.31216030026333397,0.73,0.6024445652929136,1.7662224107385986,0.4144076923076924,0.4527096877784889,SELECTOR_LIMITED
P14_15,LOO_GLD,mean_rank,25,2670,1.0044857887320577,1.8561033339144084,0.8516175451823507,0.99,0.41456394581593337,0.08988092317581034,-0.32468302264012305,0.73,0.5899218429161245,1.7662224107385986,0.4144076923076924,0.4527096877784889,SELECTOR_LIMITED
P14_15,LOO_GLD,nested_complexity,25,2670,1.0044857887320577,1.8561033339144084,0.8516175451823507,0.99,0.40204122343914434,0.08988092317581034,-0.31216030026333397,0.73,0.6024445652929136,1.7662224107385986,0.4144076923076924,0.4527096877784889,SELECTOR_LIMITED
P14_15,LOO_GLD,single_fold,25,2670,1.0044857887320577,1.8561033339144084,0.8516175451823507,0.99,-0.06203168690647171,0.08988092317581034,0.15191261008228205,0.46,1.0665174756385294,1.7662224107385986,0.4144076923076924,0.4527096877784889,FRONTIER_AND_SELECTION_UP
P14_15,LOO_GLD,stability_lcb,25,2670,1.0044857887320577,1.8561033339144084,0.8516175451823507,0.99,0.20812937722149782,0.08988092317581034,-0.11824845404568748,0.66,0.79635641151056,1.7662224107385986,0.4144076923076924,0.4527096877784889,SELECTOR_LIMITED
P14_15,LOO_IWM,family_balanced,25,2670,1.0099692205350883,2.370202772917303,1.3602335523822147,1.0,0.35399097848854333,0.8361289869667669,0.4821380084782235,0.24,0.655978242046545,1.5340737859505365,0.4377692307692307,0.4781277379877992,FRONTIER_AND_SELECTION_UP
P14_15,LOO_IWM,mean_fold,25,2670,1.0099692205350883,2.370202772917303,1.3602335523822147,1.0,0.46873839092825853,0.013609879125283142,-0.45512851180297537,0.83,0.5412308296068296,2.3565928937920195,0.4377692307692307,0.4781277379877992,SELECTOR_LIMITED
P14_15,LOO_IWM,mean_rank,25,2670,1.0099692205350883,2.370202772917303,1.3602335523822147,1.0,0.39945568697087147,0.013609879125283142,-0.3858458078455883,0.82,0.6105135335642167,2.3565928937920195,0.4377692307692307,0.4781277379877992,SELECTOR_LIMITED
P14_15,LOO_IWM,nested_complexity,25,2670,1.0099692205350883,2.370202772917303,1.3602335523822147,1.0,0.46873839092825853,0.013609879125283142,-0.45512851180297537,0.83,0.5412308296068296,2.3565928937920195,0.4377692307692307,0.4781277379877992,SELECTOR_LIMITED
P14_15,LOO_IWM,single_fold,25,2670,1.0099692205350883,2.370202772917303,1.3602335523822147,1.0,0.0006878945666989833,0.013609879125283142,0.012921984558584159,0.53,1.0092813259683893,2.3565928937920195,0.4377692307692307,0.4781277379877992,FRONTIER_AND_SELECTION_UP
P14_15,LOO_IWM,stability_lcb,25,2670,1.0099692205350883,2.370202772917303,1.3602335523822147,1.0,0.3066590259475398,0.013609879125283142,-0.29304914682225663,0.78,0.7033101945875485,2.3565928937920195,0.4377692307692307,0.4781277379877992,SELECTOR_LIMITED
P14_15,LOO_QQQ,family_balanced,25,2670,0.8104690669222891,2.0947317442326967,1.2842626773104076,1.0,0.04073922252454816,0.1609987509076725,0.12025952838312433,0.44,0.7697298443977411,1.933732993325026,0.36919230769230765,0.40840560382103275,FRONTIER_AND_SELECTION_UP
P14_15,LOO_QQQ,mean_fold,25,2670,0.8104690669222891,2.0947317442326967,1.2842626773104076,1.0,0.31431116260144726,0.1609987509076725,-0.15331241169377477,0.65,0.49615790432084206,1.933732993325026,0.36919230769230765,0.40840560382103275,SELECTOR_LIMITED
P14_15,LOO_QQQ,mean_rank,25,2670,0.8104690669222891,2.0947317442326967,1.2842626773104076,1.0,0.25283522063161246,0.1609987509076725,-0.09183646972393997,0.56,0.5576338462906768,1.933732993325026,0.36919230769230765,0.40840560382103275,SELECTOR_LIMITED
P14_15,LOO_QQQ,nested_complexity,25,2670,0.8104690669222891,2.0947317442326967,1.2842626773104076,1.0,0.31431116260144726,0.1609987509076725,-0.15331241169377477,0.65,0.49615790432084206,1.933732993325026,0.36919230769230765,0.40840560382103275,SELECTOR_LIMITED
P14_15,LOO_QQQ,single_fold,25,2670,0.8104690669222891,2.0947317442326967,1.2842626773104076,1.0,-0.04309899124421764,0.1609987509076725,0.20409774215189014,0.44,0.8535680581665068,1.933732993325026,0.36919230769230765,0.40840560382103275,FRONTIER_AND_SELECTION_UP
P14_15,LOO_QQQ,stability_lcb,25,2670,0.8104690669222891,2.0947317442326967,1.2842626773104076,1.0,0.1519045625432069,0.1609987509076725,0.0090941883644656,0.5,0.6585645043790823,1.933732993325026,0.36919230769230765,0.40840560382103275,FRONTIER_AND_SELECTION_UP
P14_15,US3,family_balanced,25,2670,0.9587074811371943,2.101053121133746,1.1423456399965517,1.0,-0.2055396686824423,-0.3032474069761632,-0.0977077382937209,0.59,1.1642471498196365,2.404300528109908,0.11474615384615383,0.1296458348199697,SELECTOR_LIMITED
P14_15,US3,mean_fold,25,2670,0.9587074811371943,2.101053121133746,1.1423456399965517,1.0,-0.2038070963177347,0.38358900050729894,0.5873960968250336,0.13,1.162514577454929,1.7174641206264472,0.11474615384615383,0.1296458348199697,FRONTIER_AND_SELECTION_UP
P14_15,US3,mean_rank,25,2670,0.9587074811371943,2.101053121133746,1.1423456399965517,1.0,-0.2498626973932668,0.38358900050729894,0.6334516979005658,0.18,1.208570178530461,1.7174641206264472,0.11474615384615383,0.1296458348199697,FRONTIER_AND_SELECTION_UP
P14_15,US3,nested_complexity,25,2670,0.9587074811371943,2.101053121133746,1.1423456399965517,1.0,-0.2038070963177347,0.38358900050729894,0.5873960968250336,0.13,1.162514577454929,1.7174641206264472,0.11474615384615383,0.1296458348199697,FRONTIER_AND_SELECTION_UP
P14_15,US3,single_fold,25,2670,0.9587074811371943,2.101053121133746,1.1423456399965517,1.0,-0.05660985687869723,-0.5843291395121417,-0.5277192826334445,0.71,1.0153173380158915,2.6853822606458873,0.11474615384615383,0.1296458348199697,SELECTOR_LIMITED
P14_15,US3,stability_lcb,25,2670,0.9587074811371943,2.101053121133746,1.1423456399965517,1.0,-0.3634984880815464,0.38358900050729894,0.7470874885888453,0.19,1.3222059692187411,1.7174641206264472,0.11474615384615383,0.1296458348199697,FRONTIER_AND_SELECTION_UP
P16_17,CROSS_ASSET4,family_balanced,25,2670,1.3219333153251858,2.3858428747913116,1.0639095594661259,1.0,0.007318091740914408,0.036039370653753136,0.028721278912838728,0.53,1.3146152235842719,2.349803504137558,-0.1281846153846154,-0.12856620654933823,FRONTIER_AND_SELECTION_UP
P16_17,CROSS_ASSET4,mean_fold,25,2670,1.3219333153251858,2.3858428747913116,1.0639095594661259,1.0,-0.5145177645556837,-1.297470714429084,-0.7829529498734004,0.94,1.8364510798808695,3.6833135892203965,-0.1281846153846154,-0.12856620654933823,SELECTOR_LIMITED
P16_17,CROSS_ASSET4,mean_rank,25,2670,1.3219333153251858,2.3858428747913116,1.0639095594661259,1.0,-0.5220602346382333,-0.044309257912113056,0.4777509767261202,0.24,1.8439935499634195,2.4301521327034257,-0.1281846153846154,-0.12856620654933823,FRONTIER_AND_SELECTION_UP
P16_17,CROSS_ASSET4,nested_complexity,25,2670,1.3219333153251858,2.3858428747913116,1.0639095594661259,1.0,-0.5145177645556837,-1.297470714429084,-0.7829529498734004,0.94,1.8364510798808695,3.6833135892203965,-0.1281846153846154,-0.12856620654933823,SELECTOR_LIMITED
P16_17,CROSS_ASSET4,single_fold,25,2670,1.3219333153251858,2.3858428747913116,1.0639095594661259,1.0,-0.39305900445672143,0.6544318853874264,1.0474908898441477,0.08,1.714992319781907,1.7314109894038858,-0.1281846153846154,-0.12856620654933823,FRONTIER_AND_SELECTION_UP
P16_17,CROSS_ASSET4,stability_lcb,25,2670,1.3219333153251858,2.3858428747913116,1.0639095594661259,1.0,-0.48993727418173827,-0.044309257912113056,0.4456280162696252,0.26,1.8118705895069243,2.4301521327034257,-0.1281846153846154,-0.12856620654933823,FRONTIER_AND_SELECTION_UP
P16_17,EQ_BOND6,family_balanced,25,2670,1.4614707416066666,2.0779122254381055,0.6164414838314389,0.96,-0.19289532715471075,-1.9730784966891417,-1.780183169534431,0.99,1.6543660687613773,4.050990722127248,0.14366923076923077,0.13586463656314068,SELECTOR_LIMITED
P16_17,EQ_BOND6,mean_fold,25,2670,1.4614707416066666,2.0779122254381055,0.6164414838314389,0.96,0.06007862419198918,-1.9730784966891417,-2.033157120881131,0.99,1.4013921174146773,4.050990722127248,0.14366923076923077,0.13586463656314068,SELECTOR_LIMITED
P16_17,EQ_BOND6,mean_rank,25,2670,1.4614707416066666,2.0779122254381055,0.6164414838314389,0.96,-0.02502916094992166,-1.9730784966891417,-1.9480493357392201,0.99,1.4864999025565881,4.050990722127248,0.14366923076923077,0.13586463656314068,SELECTOR_LIMITED
P16_17,EQ_BOND6,nested_complexity,25,2670,1.4614707416066666,2.0779122254381055,0.6164414838314389,0.96,0.08977434855548769,-1.9730784966891417,-2.0628528452446293,0.99,1.3716963930511787,4.050990722127248,0.14366923076923077,0.13586463656314068,SELECTOR_LIMITED
P16_17,EQ_BOND6,single_fold,25,2670,1.4614707416066666,2.0779122254381055,0.6164414838314389,0.96,0.43145902413478077,0.7511676667468881,0.3197086426121073,0.35,1.0300117174718857,1.3267445586912192,0.14366923076923077,0.13586463656314068,FRONTIER_AND_SELECTION_UP
P16_17,EQ_BOND6,stability_lcb,25,2670,1.4614707416066666,2.0779122254381055,0.6164414838314389,0.96,-0.1386293160248941,-1.9730784966891417,-1.8344491806642476,0.99,1.6001000576315607,4.050990722127248,0.14366923076923077,0.13586463656314068,SELECTOR_LIMITED
P16_17,EQ_REAL7_LOO_TLT,family_balanced,25,2670,1.3940287410997405,2.401650299318603,1.0076215582188623,0.99,-0.5813564573140642,-1.300980441040943,-0.7196239837268787,0.91,1.9753851984138044,3.702630740359546,0.1095153846153846,0.12119039391951997,SELECTOR_LIMITED
P16_17,EQ_REAL7_LOO_TLT,mean_fold,25,2670,1.3940287410997405,2.401650299318603,1.0076215582188623,0.99,-0.14270859241767309,-1.300980441040943,-1.15827184862327,0.91,1.5367373335174133,3.702630740359546,0.1095153846153846,0.12119039391951997,SELECTOR_LIMITED
P16_17,EQ_REAL7_LOO_TLT,mean_rank,25,2670,1.3940287410997405,2.401650299318603,1.0076215582188623,0.99,-0.08504598138239908,-1.300980441040943,-1.2159344596585437,0.94,1.479074722482139,3.702630740359546,0.1095153846153846,0.12119039391951997,SELECTOR_LIMITED
P16_17,EQ_REAL7_LOO_TLT,nested_complexity,25,2670,1.3940287410997405,2.401650299318603,1.0076215582188623,0.99,-0.14270859241767309,-1.300980441040943,-1.15827184862327,0.91,1.5367373335174133,3.702630740359546,0.1095153846153846,0.12119039391951997,SELECTOR_LIMITED
P16_17,EQ_REAL7_LOO_TLT,single_fold,25,2670,1.3940287410997405,2.401650299318603,1.0076215582188623,0.99,0.12305460875162576,-0.8626824796989905,-0.9857370884506163,0.9,1.2709741323481145,3.2643327790175936,0.1095153846153846,0.12119039391951997,SELECTOR_LIMITED
P16_17,EQ_REAL7_LOO_TLT,stability_lcb,25,2670,1.3940287410997405,2.401650299318603,1.0076215582188623,0.99,-0.05300539627735405,-1.1609074723181168,-1.1079020760407627,0.89,1.447034137377094,3.562557771636719,0.1095153846153846,0.12119039391951997,SELECTOR_LIMITED
P16_17,FULL8,family_balanced,25,2670,1.4488006335052768,2.4773214076772656,1.0285207741719888,0.99,-0.4976190743460321,-0.7789769080338315,-0.2813578336877994,0.62,1.946419707851309,3.2562983157110965,0.11983846153846153,0.12388622435860296,SELECTOR_LIMITED
P16_17,FULL8,mean_fold,25,2670,1.4488006335052768,2.4773214076772656,1.0285207741719888,0.99,-0.037032536014401866,-0.7789769080338315,-0.7419443720194296,0.83,1.485833169519679,3.2562983157110965,0.11983846153846153,0.12388622435860296,SELECTOR_LIMITED
P16_17,FULL8,mean_rank,25,2670,1.4488006335052768,2.4773214076772656,1.0285207741719888,0.99,-0.005413045502650716,-0.7789769080338315,-0.7735638625311807,0.84,1.454213679007928,3.2562983157110965,0.11983846153846153,0.12388622435860296,SELECTOR_LIMITED
P16_17,FULL8,nested_complexity,25,2670,1.4488006335052768,2.4773214076772656,1.0285207741719888,0.99,-0.037032536014401866,-0.7789769080338315,-0.7419443720194296,0.83,1.485833169519679,3.2562983157110965,0.11983846153846153,0.12388622435860296,SELECTOR_LIMITED
P16_17,FULL8,single_fold,25,2670,1.4488006335052768,2.4773214076772656,1.0285207741719888,0.99,0.1396647817348397,-0.36490736766793463,-0.5045721494027744,0.75,1.3091358517704372,2.8422287753451987,0.11983846153846153,0.12388622435860296,SELECTOR_LIMITED
P16_17,FULL8,stability_lcb,25,2670,1.4488006335052768,2.4773214076772656,1.0285207741719888,0.99,-0.03886451473988884,-0.7789769080338315,-0.7401123932939426,0.84,1.4876651482451662,3.2562983157110965,0.11983846153846153,0.12388622435860296,SELECTOR_LIMITED
P16_17,GLOBAL_EQ5,family_balanced,25,2670,1.3976893365190954,1.8253812562093765,0.4276919196902811,0.96,-0.9250513344545397,-1.5321245885198496,-0.6070732540653099,0.85,2.322740670973635,3.3575058447292263,0.0603,0.0534584733888285,SELECTOR_LIMITED
P16_17,GLOBAL_EQ5,mean_fold,25,2670,1.3976893365190954,1.8253812562093765,0.4276919196902811,0.96,-0.2654731852855311,-1.5886505705378258,-1.3231773852522948,0.93,1.6631625218046264,3.4140318267472027,0.0603,0.0534584733888285,SELECTOR_LIMITED
P16_17,GLOBAL_EQ5,mean_rank,25,2670,1.3976893365190954,1.8253812562093765,0.4276919196902811,0.96,-0.2533942700124934,-1.5886505705378258,-1.3352563005253324,0.95,1.6510836065315886,3.4140318267472027,0.0603,0.0534584733888285,SELECTOR_LIMITED
P16_17,GLOBAL_EQ5,nested_complexity,25,2670,1.3976893365190954,1.8253812562093765,0.4276919196902811,0.96,-0.2862140274812732,-1.5886505705378258,-1.3024365430565525,0.94,1.6839033640003682,3.4140318267472027,0.0603,0.0534584733888285,SELECTOR_LIMITED
P16_17,GLOBAL_EQ5,single_fold,25,2670,1.3976893365190954,1.8253812562093765,0.4276919196902811,0.96,0.4374085564162408,0.882784033543034,0.4453754771267932,0.29,0.9602807801028546,0.9425972226663428,0.0603,0.0534584733888285,FRONTIER_AND_SELECTION_UP
P16_17,GLOBAL_EQ5,stability_lcb,25,2670,1.3976893365190954,1.8253812562093765,0.4276919196902811,0.96,-0.37471989482571594,-1.5321245885198496,-1.1574046936941336,0.9,1.7724092313448108,3.3575058447292263,0.0603,0.0534584733888285,SELECTOR_LIMITED
P16_17,LOO_DBC,family_balanced,25,2670,1.527347546329812,2.3604673108099017,0.8331197644800896,0.99,-0.30605300807950403,-1.9922254460794553,-1.6861724379999512,0.98,1.8334005544093162,4.352692756889356,0.0432,0.04430689099065712,SELECTOR_LIMITED
P16_17,LOO_DBC,mean_fold,25,2670,1.527347546329812,2.3604673108099017,0.8331197644800896,0.99,-0.08194415368744588,-1.9922254460794553,-1.9102812923920094,0.98,1.609291700017258,4.352692756889356,0.0432,0.04430689099065712,SELECTOR_LIMITED
P16_17,LOO_DBC,mean_rank,25,2670,1.527347546329812,2.3604673108099017,0.8331197644800896,0.99,-0.13876964783075615,-1.9922254460794553,-1.8534557982486992,0.99,1.6661171941605681,4.352692756889356,0.0432,0.04430689099065712,SELECTOR_LIMITED
P16_17,LOO_DBC,nested_complexity,25,2670,1.527347546329812,2.3604673108099017,0.8331197644800896,0.99,-0.0823243164597948,-1.9922254460794553,-1.9099011296196604,0.98,1.609671862789607,4.352692756889356,0.0432,0.04430689099065712,SELECTOR_LIMITED
P16_17,LOO_DBC,single_fold,25,2670,1.527347546329812,2.3604673108099017,0.8331197644800896,0.99,0.29404795850948956,0.5193943269365464,0.22534636842705685,0.35,1.2332995878203228,1.841072983873354,0.0432,0.04430689099065712,FRONTIER_AND_SELECTION_UP
P16_17,LOO_DBC,stability_lcb,25,2670,1.527347546329812,2.3604673108099017,0.8331197644800896,0.99,-0.2636472071104013,-1.9922254460794553,-1.728578238969054,0.97,1.7909947534402133,4.352692756889356,0.0432,0.04430689099065712,SELECTOR_LIMITED
P16_17,LOO_EEM,family_balanced,25,2670,1.3529860122392563,2.29015817583631,0.9371721635970536,0.99,-0.48894102904552095,-1.079504912012881,-0.5905638829673601,0.88,1.8419270412847772,3.36966308784919,0.14084615384615382,0.1455884391912128,SELECTOR_LIMITED
P16_17,LOO_EEM,mean_fold,25,2670,1.3529860122392563,2.29015817583631,0.9371721635970536,0.99,-0.09913453518294232,-1.079504912012881,-0.9803703768299387,0.93,1.4521205474221983,3.36966308784919,0.14084615384615382,0.1455884391912128,SELECTOR_LIMITED
P16_17,LOO_EEM,mean_rank,25,2670,1.3529860122392563,2.29015817583631,0.9371721635970536,0.99,-0.05666230288335728,0.46139721405159295,0.5180595169349502,0.25,1.4096483151226133,1.8287609617847174,0.14084615384615382,0.1455884391912128,FRONTIER_AND_SELECTION_UP
P16_17,LOO_EEM,nested_complexity,25,2670,1.3529860122392563,2.29015817583631,0.9371721635970536,0.99,-0.09913453518294232,-1.079504912012881,-0.9803703768299387,0.93,1.4521205474221983,3.36966308784919,0.14084615384615382,0.1455884391912128,SELECTOR_LIMITED
P16_17,LOO_EEM,single_fold,25,2670,1.3529860122392563,2.29015817583631,0.9371721635970536,0.99,0.0951278462985242,0.440702405751135,0.34557455945261084,0.32,1.2578581659407317,1.8494557700851746,0.14084615384615382,0.1455884391912128,FRONTIER_AND_SELECTION_UP
P16_17,LOO_EEM,stability_lcb,25,2670,1.3529860122392563,2.29015817583631,0.9371721635970536,0.99,-0.03621595602958307,-1.079504912012881,-1.0432889559832978,0.94,1.389201968268839,3.36966308784919,0.14084615384615382,0.1455884391912128,SELECTOR_LIMITED
P16_17,LOO_EFA,family_balanced,25,2670,1.4557324720602998,2.4342864210261697,0.9785539489658699,0.99,-0.45811188471892755,-0.25565876673829707,0.20245311798063048,0.35,1.9138443567792276,2.689945187764468,0.11621538461538462,0.11723846766819788,FRONTIER_AND_SELECTION_UP
P16_17,LOO_EFA,mean_fold,25,2670,1.4557324720602998,2.4342864210261697,0.9785539489658699,0.99,-0.06580293750183118,-0.25565876673829707,-0.18985582923646588,0.67,1.521535409562131,2.689945187764468,0.11621538461538462,0.11723846766819788,SELECTOR_LIMITED
P16_17,LOO_EFA,mean_rank,25,2670,1.4557324720602998,2.4342864210261697,0.9785539489658699,0.99,-0.026923268026165716,-0.25915676154041645,-0.23223349351425074,0.7,1.4826557400864655,2.693443182566586,0.11621538461538462,0.11723846766819788,SELECTOR_LIMITED
P16_17,LOO_EFA,nested_complexity,25,2670,1.4557324720602998,2.4342864210261697,0.9785539489658699,0.99,-0.06580293750183118,-0.25565876673829707,-0.18985582923646588,0.67,1.521535409562131,2.689945187764468,0.11621538461538462,0.11723846766819788,SELECTOR_LIMITED
P16_17,LOO_EFA,single_fold,25,2670,1.4557324720602998,2.4342864210261697,0.9785539489658699,0.99,0.22179405971687427,-0.25565876673829707,-0.47745282645517134,0.76,1.2339384123434254,2.689945187764468,0.11621538461538462,0.11723846766819788,SELECTOR_LIMITED
P16_17,LOO_EFA,stability_lcb,25,2670,1.4557324720602998,2.4342864210261697,0.9785539489658699,0.99,-0.00745368228643521,-1.0269381507052684,-1.0194844684188331,0.9,1.4631861543467348,3.4612245717314396,0.11621538461538462,0.11723846766819788,SELECTOR_LIMITED
P16_17,LOO_GLD,family_balanced,25,2670,1.38522665511781,2.098104899272524,0.7128782441547141,0.96,-0.49846217623982514,-0.36016878593181906,0.13829339030800608,0.34,1.8836888313576352,2.458273685204343,0.2013923076923077,0.2058589437005125,FRONTIER_AND_SELECTION_UP
P16_17,LOO_GLD,mean_fold,25,2670,1.38522665511781,2.098104899272524,0.7128782441547141,0.96,0.10209550468443089,-0.36016878593181906,-0.46226429061624996,0.7,1.2831311504333796,2.458273685204343,0.2013923076923077,0.2058589437005125,SELECTOR_LIMITED
P16_17,LOO_GLD,mean_rank,25,2670,1.38522665511781,2.098104899272524,0.7128782441547141,0.96,0.20296219936840276,-0.36016878593181906,-0.5631309853002218,0.75,1.1822644557494073,2.458273685204343,0.2013923076923077,0.2058589437005125,SELECTOR_LIMITED
P16_17,LOO_GLD,nested_complexity,25,2670,1.38522665511781,2.098104899272524,0.7128782441547141,0.96,0.10209550468443089,-0.36016878593181906,-0.46226429061624996,0.7,1.2831311504333796,2.458273685204343,0.2013923076923077,0.2058589437005125,SELECTOR_LIMITED
P16_17,LOO_GLD,single_fold,25,2670,1.38522665511781,2.098104899272524,0.7128782441547141,0.96,0.38736971211786037,-0.36016878593181906,-0.7475384980496794,0.81,0.99785694299995,2.458273685204343,0.2013923076923077,0.2058589437005125,SELECTOR_LIMITED
P16_17,LOO_GLD,stability_lcb,25,2670,1.38522665511781,2.098104899272524,0.7128782441547141,0.96,0.14734664884746979,-0.7458727054689912,-0.893219354316461,0.89,1.2378800062703403,2.8439776047415135,0.2013923076923077,0.2058589437005125,SELECTOR_LIMITED
P16_17,LOO_IWM,family_balanced,25,2670,1.4779730979412928,2.3666046850508886,0.8886315871095958,0.99,-0.4556202297282297,-0.7767838233581291,-0.32116359362989944,0.72,1.9335933276695227,3.143388508409018,0.10947692307692307,0.12325778200482354,SELECTOR_LIMITED
P16_17,LOO_IWM,mean_fold,25,2670,1.4779730979412928,2.3666046850508886,0.8886315871095958,0.99,-0.03896584246919509,-0.7767838233581291,-0.737817980888934,0.82,1.5169389404104876,3.143388508409018,0.10947692307692307,0.12325778200482354,SELECTOR_LIMITED
P16_17,LOO_IWM,mean_rank,25,2670,1.4779730979412928,2.3666046850508886,0.8886315871095958,0.99,-0.003732251340921987,-0.7767838233581291,-0.7730515720172071,0.83,1.4817053492822143,3.143388508409018,0.10947692307692307,0.12325778200482354,SELECTOR_LIMITED
P16_17,LOO_IWM,nested_complexity,25,2670,1.4779730979412928,2.3666046850508886,0.8886315871095958,0.99,-0.03896584246919509,-0.7767838233581291,-0.737817980888934,0.82,1.5169389404104876,3.143388508409018,0.10947692307692307,0.12325778200482354,SELECTOR_LIMITED
P16_17,LOO_IWM,single_fold,25,2670,1.4779730979412928,2.3666046850508886,0.8886315871095958,0.99,0.16818043987944564,-0.31195422861218125,-0.4801346684916269,0.73,1.309792658061847,2.67855891366307,0.10947692307692307,0.12325778200482354,SELECTOR_LIMITED
P16_17,LOO_IWM,stability_lcb,25,2670,1.4779730979412928,2.3666046850508886,0.8886315871095958,0.99,-0.0066507014318342,-0.7767838233581291,-0.7701331219262949,0.83,1.484623799373127,3.143388508409018,0.10947692307692307,0.12325778200482354,SELECTOR_LIMITED
P16_17,LOO_QQQ,family_balanced,25,2670,1.3955154167899522,2.4889712566011437,1.0934558398111915,0.98,0.06421767585614481,0.5660431234841949,0.5018254476280501,0.28,1.331297740933808,1.92292813311695,0.06395384615384617,0.06544519360996681,FRONTIER_AND_SELECTION_UP
P16_17,LOO_QQQ,mean_fold,25,2670,1.3955154167899522,2.4889712566011437,1.0934558398111915,0.98,-0.07793805857203266,-0.8534457488368368,-0.7755076902648042,0.87,1.4734534753619848,3.3424170054379814,0.06395384615384617,0.06544519360996681,SELECTOR_LIMITED
P16_17,LOO_QQQ,mean_rank,25,2670,1.3955154167899522,2.4889712566011437,1.0934558398111915,0.98,-0.10102846690758308,-0.9896230262251159,-0.8885945593175328,0.91,1.4965438836975355,3.478594282826259,0.06395384615384617,0.06544519360996681,SELECTOR_LIMITED
P16_17,LOO_QQQ,nested_complexity,25,2670,1.3955154167899522,2.4889712566011437,1.0934558398111915,0.98,-0.1083182007784883,-0.8534457488368368,-0.7451275480583485,0.84,1.5038336175684406,3.3424170054379814,0.06395384615384617,0.06544519360996681,SELECTOR_LIMITED
P16_17,LOO_QQQ,single_fold,25,2670,1.3955154167899522,2.4889712566011437,1.0934558398111915,0.98,0.13720282116148477,-0.36035209704188864,-0.4975549182033734,0.78,1.2583125956284678,2.849323353643034,0.06395384615384617,0.06544519360996681,SELECTOR_LIMITED
P16_17,LOO_QQQ,stability_lcb,25,2670,1.3955154167899522,2.4889712566011437,1.0934558398111915,0.98,-0.139918333731819,-0.9896230262251159,-0.8497046924932969,0.91,1.5354337505217714,3.478594282826259,0.06395384615384617,0.06544519360996681,SELECTOR_LIMITED
P16_17,US3,family_balanced,25,2670,1.3577110751352033,1.8141592029675766,0.4564481278323733,0.93,0.5341085724710026,0.18177570266895648,-0.35233286980204614,0.6,0.8236025026642005,1.63238350029862,0.34030769230769226,0.34571422278231906,SELECTOR_LIMITED
P16_17,US3,mean_fold,25,2670,1.3577110751352033,1.8141592029675766,0.4564481278323733,0.93,0.42731492991411957,0.18177570266895648,-0.24553922724516308,0.54,0.9303961452210834,1.63238350029862,0.34030769230769226,0.34571422278231906,SELECTOR_LIMITED
P16_17,US3,mean_rank,25,2670,1.3577110751352033,1.8141592029675766,0.4564481278323733,0.93,0.4048056709051955,0.18177570266895648,-0.223029968236239,0.51,0.9529054042300076,1.63238350029862,0.34030769230769226,0.34571422278231906,SELECTOR_LIMITED
P16_17,US3,nested_complexity,25,2670,1.3577110751352033,1.8141592029675766,0.4564481278323733,0.93,0.42731492991411957,0.18177570266895648,-0.24553922724516308,0.54,0.9303961452210834,1.63238350029862,0.34030769230769226,0.34571422278231906,SELECTOR_LIMITED
P16_17,US3,single_fold,25,2670,1.3577110751352033,1.8141592029675766,0.4564481278323733,0.93,0.6020792020097896,0.3388215260878256,-0.263257675921964,0.61,0.7556318731254135,1.4753376768797506,0.34030769230769226,0.34571422278231906,SELECTOR_LIMITED
P16_17,US3,stability_lcb,25,2670,1.3577110751352033,1.8141592029675766,0.4564481278323733,0.93,0.3259105718492242,1.3710901308680266,1.0451795590188024,0.09,1.031800503285979,0.44306907209954965,0.34030769230769226,0.34571422278231906,FRONTIER_AND_SELECTION_UP
P18_19,CROSS_ASSET4,family_balanced,25,2670,1.1509722468584256,2.0457852966059913,0.8948130497475657,1.0,-0.0026175473546547505,0.1473440036719151,0.14996155102656986,0.38,1.1535897942130804,1.8984412929340748,0.2730461538461538,0.27313075229097855,FRONTIER_AND_SELECTION_UP
P18_19,CROSS_ASSET4,mean_fold,25,2670,1.1509722468584256,2.0457852966059913,0.8948130497475657,1.0,0.14161751089202043,-0.24955086320002726,-0.3911683740920477,0.89,1.0093547359664052,2.2953361598060176,0.2730461538461538,0.27313075229097855,SELECTOR_LIMITED
P18_19,CROSS_ASSET4,mean_rank,25,2670,1.1509722468584256,2.0457852966059913,0.8948130497475657,1.0,0.09165095495414485,-0.24955086320002726,-0.3412018181541721,0.87,1.0593212919042807,2.2953361598060176,0.2730461538461538,0.27313075229097855,SELECTOR_LIMITED
P18_19,CROSS_ASSET4,nested_complexity,25,2670,1.1509722468584256,2.0457852966059913,0.8948130497475657,1.0,0.14161751089202043,-0.24955086320002726,-0.3911683740920477,0.89,1.0093547359664052,2.2953361598060176,0.2730461538461538,0.27313075229097855,SELECTOR_LIMITED
P18_19,CROSS_ASSET4,single_fold,25,2670,1.1509722468584256,2.0457852966059913,0.8948130497475657,1.0,-0.21218869146549277,-1.2495176207946421,-1.0373289293291494,0.87,1.3631609383239183,3.295302917400633,0.2730461538461538,0.27313075229097855,SELECTOR_LIMITED
P18_19,CROSS_ASSET4,stability_lcb,25,2670,1.1509722468584256,2.0457852966059913,0.8948130497475657,1.0,0.11839937230838958,0.1473440036719151,0.028944631363525528,0.42,1.032572874550036,1.8984412929340748,0.2730461538461538,0.27313075229097855,FRONTIER_AND_SELECTION_UP
P18_19,EQ_BOND6,family_balanced,25,2670,1.0691485471433835,1.678549767491135,0.6094012203477515,1.0,0.01842401680170634,1.365887636636108,1.3474636198344017,0.0,1.0507245303416772,0.31266213085502687,0.03245384615384615,0.032650952194642986,FRONTIER_AND_SELECTION_UP
P18_19,EQ_BOND6,mean_fold,25,2670,1.0691485471433835,1.678549767491135,0.6094012203477515,1.0,0.13790497983223687,0.47639206257579564,0.33848708274355876,0.18,0.9312435673111469,1.2021577049153394,0.03245384615384615,0.032650952194642986,FRONTIER_AND_SELECTION_UP
P18_19,EQ_BOND6,mean_rank,25,2670,1.0691485471433835,1.678549767491135,0.6094012203477515,1.0,0.07934998665717352,0.6892749225727247,0.6099249359155512,0.1,0.9897985604862102,0.9892748449184103,0.03245384615384615,0.032650952194642986,FRONTIER_AND_SELECTION_UP
P18_19,EQ_BOND6,nested_complexity,25,2670,1.0691485471433835,1.678549767491135,0.6094012203477515,1.0,0.13790497983223687,0.47639206257579564,0.33848708274355876,0.18,0.9312435673111469,1.2021577049153394,0.03245384615384615,0.032650952194642986,FRONTIER_AND_SELECTION_UP
P18_19,EQ_BOND6,single_fold,25,2670,1.0691485471433835,1.678549767491135,0.6094012203477515,1.0,-0.03819012491575236,-0.8316307227285477,-0.7934405978127953,0.87,1.107338672059136,2.5101804902196823,0.03245384615384615,0.032650952194642986,SELECTOR_LIMITED
P18_19,EQ_BOND6,stability_lcb,25,2670,1.0691485471433835,1.678549767491135,0.6094012203477515,1.0,0.07159408423375342,0.6892749225727247,0.6176808383389712,0.11,0.9975544629096303,0.9892748449184103,0.03245384615384615,0.032650952194642986,FRONTIER_AND_SELECTION_UP
P18_19,EQ_REAL7_LOO_TLT,family_balanced,25,2670,0.9711809283679499,1.7065654355571929,0.735384507189243,1.0,-0.15225744806587982,-0.6604638014842985,-0.5082063534184187,0.79,1.1234383764338296,2.367029237041492,-0.04449999999999999,-0.056600742320215607,SELECTOR_LIMITED
P18_19,EQ_REAL7_LOO_TLT,mean_fold,25,2670,0.9711809283679499,1.7065654355571929,0.735384507189243,1.0,-0.11516682001163027,0.7564586135201874,0.8716254335318177,0.0,1.08634774837958,0.9501068220370051,-0.04449999999999999,-0.056600742320215607,FRONTIER_AND_SELECTION_UP
P18_19,EQ_REAL7_LOO_TLT,mean_rank,25,2670,0.9711809283679499,1.7065654355571929,0.735384507189243,1.0,-0.09607571684169415,0.7564586135201874,0.8525343303618815,0.0,1.067256645209644,0.9501068220370051,-0.04449999999999999,-0.056600742320215607,FRONTIER_AND_SELECTION_UP
P18_19,EQ_REAL7_LOO_TLT,nested_complexity,25,2670,0.9711809283679499,1.7065654355571929,0.735384507189243,1.0,-0.11516682001163027,0.7564586135201874,0.8716254335318177,0.0,1.08634774837958,0.9501068220370051,-0.04449999999999999,-0.056600742320215607,FRONTIER_AND_SELECTION_UP
P18_19,EQ_REAL7_LOO_TLT,single_fold,25,2670,0.9711809283679499,1.7065654355571929,0.735384507189243,1.0,-0.3332295454618517,-0.6593042658914439,-0.3260747204295922,0.69,1.3044104738298017,2.365869701448638,-0.04449999999999999,-0.056600742320215607,SELECTOR_LIMITED
P18_19,EQ_REAL7_LOO_TLT,stability_lcb,25,2670,0.9711809283679499,1.7065654355571929,0.735384507189243,1.0,-0.115406328350306,0.7564586135201874,0.8718649418704933,0.02,1.0865872567182557,0.9501068220370051,-0.04449999999999999,-0.056600742320215607,FRONTIER_AND_SELECTION_UP
P18_19,FULL8,family_balanced,25,2670,1.0521071981280459,1.8589463473419494,0.8068391492139035,0.98,-0.09893866588576233,0.4481777263892692,0.5471163922750315,0.17,1.1510458640138082,1.4107686209526813,0.06596923076923077,0.06496128744125168,FRONTIER_AND_SELECTION_UP
P18_19,FULL8,mean_fold,25,2670,1.0521071981280459,1.8589463473419494,0.8068391492139035,0.98,0.0006250550203642835,0.8545026684939083,0.8538776134735441,0.01,1.0514821431076813,1.004443678848042,0.06596923076923077,0.06496128744125168,FRONTIER_AND_SELECTION_UP
P18_19,FULL8,mean_rank,25,2670,1.0521071981280459,1.8589463473419494,0.8068391492139035,0.98,0.0004635444596478211,0.8545026684939083,0.8540391240342605,0.01,1.051643653668398,1.004443678848042,0.06596923076923077,0.06496128744125168,FRONTIER_AND_SELECTION_UP
P18_19,FULL8,nested_complexity,25,2670,1.0521071981280459,1.8589463473419494,0.8068391492139035,0.98,0.0006250550203642835,0.8545026684939083,0.8538776134735441,0.01,1.0514821431076813,1.004443678848042,0.06596923076923077,0.06496128744125168,FRONTIER_AND_SELECTION_UP
P18_19,FULL8,single_fold,25,2670,1.0521071981280459,1.8589463473419494,0.8068391492139035,0.98,-0.26823978533601234,-1.2899107283457047,-1.0216709430096924,0.84,1.3203469834640578,3.1488570756876557,0.06596923076923077,0.06496128744125168,SELECTOR_LIMITED
P18_19,FULL8,stability_lcb,25,2670,1.0521071981280459,1.8589463473419494,0.8068391492139035,0.98,0.039608975558591636,0.8545026684939083,0.8148936929353167,0.04,1.0124982225694543,1.004443678848042,0.06596923076923077,0.06496128744125168,FRONTIER_AND_SELECTION_UP
P18_19,GLOBAL_EQ5,family_balanced,25,2670,1.0066877165602965,1.618398973485265,0.6117112569249685,1.0,0.019372304612388494,0.3520812704319887,0.33270896581960024,0.35,0.9873154119479082,1.2663177030532768,-0.07807692307692307,-0.05655895835569018,FRONTIER_AND_SELECTION_UP
P18_19,GLOBAL_EQ5,mean_fold,25,2670,1.0066877165602965,1.618398973485265,0.6117112569249685,1.0,-0.07621766048295574,0.49100591156300927,0.567223572045965,0.09,1.0829053770432524,1.1273930619222563,-0.07807692307692307,-0.05655895835569018,FRONTIER_AND_SELECTION_UP
P18_19,GLOBAL_EQ5,mean_rank,25,2670,1.0066877165602965,1.618398973485265,0.6117112569249685,1.0,-0.18405368398898544,0.5791575545530873,0.7632112385420727,0.03,1.190741400549282,1.0392414189321781,-0.07807692307692307,-0.05655895835569018,FRONTIER_AND_SELECTION_UP
P18_19,GLOBAL_EQ5,nested_complexity,25,2670,1.0066877165602965,1.618398973485265,0.6117112569249685,1.0,-0.07621766048295574,0.49100591156300927,0.567223572045965,0.09,1.0829053770432524,1.1273930619222563,-0.07807692307692307,-0.05655895835569018,FRONTIER_AND_SELECTION_UP
P18_19,GLOBAL_EQ5,single_fold,25,2670,1.0066877165602965,1.618398973485265,0.6117112569249685,1.0,0.14224395969380674,-0.768349474638909,-0.9105934343327158,0.94,0.8644437568664898,2.3867484481241736,-0.07807692307692307,-0.05655895835569018,SELECTOR_LIMITED
P18_19,GLOBAL_EQ5,stability_lcb,25,2670,1.0066877165602965,1.618398973485265,0.6117112569249685,1.0,-0.2407688345292006,0.5791575545530873,0.8199263890822879,0.04,1.247456551089497,1.0392414189321781,-0.07807692307692307,-0.05655895835569018,FRONTIER_AND_SELECTION_UP
P18_19,LOO_DBC,family_balanced,25,2670,1.048392469183975,1.6551214475581713,0.6067289783741963,1.0,-0.011469513317396686,1.1197915263173674,1.1312610396347642,0.0,1.0598619825013715,0.5353299212408043,0.013669230769230769,0.0032813145480108507,FRONTIER_AND_SELECTION_UP
P18_19,LOO_DBC,mean_fold,25,2670,1.048392469183975,1.6551214475581713,0.6067289783741963,1.0,0.17571449518736354,0.6646679632458675,0.488953468058504,0.14,0.8726779739966113,0.9904534843123031,0.013669230769230769,0.0032813145480108507,FRONTIER_AND_SELECTION_UP
P18_19,LOO_DBC,mean_rank,25,2670,1.048392469183975,1.6551214475581713,0.6067289783741963,1.0,0.045606430956115294,0.6646679632458675,0.6190615322897522,0.1,1.0027860382278595,0.9904534843123031,0.013669230769230769,0.0032813145480108507,FRONTIER_AND_SELECTION_UP
P18_19,LOO_DBC,nested_complexity,25,2670,1.048392469183975,1.6551214475581713,0.6067289783741963,1.0,0.17571449518736354,0.6646679632458675,0.488953468058504,0.14,0.8726779739966113,0.9904534843123031,0.013669230769230769,0.0032813145480108507,FRONTIER_AND_SELECTION_UP
P18_19,LOO_DBC,single_fold,25,2670,1.048392469183975,1.6551214475581713,0.6067289783741963,1.0,-0.15024482140001738,0.39572971975873705,0.5459745411587544,0.21,1.1986372905839922,1.2593917277994344,0.013669230769230769,0.0032813145480108507,FRONTIER_AND_SELECTION_UP
P18_19,LOO_DBC,stability_lcb,25,2670,1.048392469183975,1.6551214475581713,0.6067289783741963,1.0,-0.035574712974035645,0.6646679632458675,0.7002426762199032,0.08,1.0839671821580106,0.9904534843123031,0.013669230769230769,0.0032813145480108507,FRONTIER_AND_SELECTION_UP
P18_19,LOO_EEM,family_balanced,25,2670,0.9711916200693491,1.7730349395240979,0.8018433194547487,1.0,-0.1508043978436679,-0.27025794630725153,-0.11945354846358364,0.68,1.1219960179130168,2.0432928858313493,0.06375384615384616,0.06318341253354358,SELECTOR_LIMITED
P18_19,LOO_EEM,mean_fold,25,2670,0.9711916200693491,1.7730349395240979,0.8018433194547487,1.0,-0.022840534876874402,0.8594209349104693,0.8822614697873438,0.0,0.9940321549462233,0.9136140046136281,0.06375384615384616,0.06318341253354358,FRONTIER_AND_SELECTION_UP
P18_19,LOO_EEM,mean_rank,25,2670,0.9711916200693491,1.7730349395240979,0.8018433194547487,1.0,0.010308666433750795,0.8594209349104693,0.8491122684767185,0.0,0.9608829536355981,0.9136140046136281,0.06375384615384616,0.06318341253354358,FRONTIER_AND_SELECTION_UP
P18_19,LOO_EEM,nested_complexity,25,2670,0.9711916200693491,1.7730349395240979,0.8018433194547487,1.0,-0.022840534876874402,0.8594209349104693,0.8822614697873438,0.0,0.9940321549462233,0.9136140046136281,0.06375384615384616,0.06318341253354358,FRONTIER_AND_SELECTION_UP
P18_19,LOO_EEM,single_fold,25,2670,0.9711916200693491,1.7730349395240979,0.8018433194547487,1.0,-0.3617371447003917,-1.3758454391119281,-1.0141082944115365,0.94,1.332928764769741,3.148880378636025,0.06375384615384616,0.06318341253354358,SELECTOR_LIMITED
P18_19,LOO_EEM,stability_lcb,25,2670,0.9711916200693491,1.7730349395240979,0.8018433194547487,1.0,0.027305415437713434,0.8594209349104693,0.8321155194727559,0.01,0.9438862046316355,0.9136140046136281,0.06375384615384616,0.06318341253354358,FRONTIER_AND_SELECTION_UP
P18_19,LOO_EFA,family_balanced,25,2670,1.1020233272650293,1.7067114330073787,0.6046881057423494,1.0,-0.08966392699198751,-0.1281935668674752,-0.0385296398754877,0.49,1.1916872542570172,1.8349049998748543,0.08003846153846153,0.08172816986248428,SELECTOR_LIMITED
P18_19,LOO_EFA,mean_fold,25,2670,1.1020233272650293,1.7067114330073787,0.6046881057423494,1.0,0.09777810233999185,0.8820047420617168,0.7842266397217249,0.02,1.0042452249250375,0.8247066909456617,0.08003846153846153,0.08172816986248428,FRONTIER_AND_SELECTION_UP
P18_19,LOO_EFA,mean_rank,25,2670,1.1020233272650293,1.7067114330073787,0.6046881057423494,1.0,0.11565923108507357,0.8820047420617168,0.7663455109766432,0.02,0.9863640961799558,0.8247066909456617,0.08003846153846153,0.08172816986248428,FRONTIER_AND_SELECTION_UP
P18_19,LOO_EFA,nested_complexity,25,2670,1.1020233272650293,1.7067114330073787,0.6046881057423494,1.0,0.09777810233999185,0.8820047420617168,0.7842266397217249,0.02,1.0042452249250375,0.8247066909456617,0.08003846153846153,0.08172816986248428,FRONTIER_AND_SELECTION_UP
P18_19,LOO_EFA,single_fold,25,2670,1.1020233272650293,1.7067114330073787,0.6046881057423494,1.0,-0.32106230030586075,-1.445183381130186,-1.1241210808243252,0.91,1.4230856275708905,3.1518948141375636,0.08003846153846153,0.08172816986248428,SELECTOR_LIMITED
P18_19,LOO_EFA,stability_lcb,25,2670,1.1020233272650293,1.7067114330073787,0.6046881057423494,1.0,0.10367853823418505,0.8820047420617168,0.7783262038275317,0.03,0.9983447890308443,0.8247066909456617,0.08003846153846153,0.08172816986248428,FRONTIER_AND_SELECTION_UP
P18_19,LOO_GLD,family_balanced,25,2670,1.0669445492097922,1.848119574756687,0.7811750255468948,0.98,-0.1934962629370692,-0.38960242363944475,-0.19610616070237555,0.65,1.2604408121468613,2.237721998396132,0.018646153846153847,0.02292643974802538,SELECTOR_LIMITED
P18_19,LOO_GLD,mean_fold,25,2670,1.0669445492097922,1.848119574756687,0.7811750255468948,0.98,-0.06289843245829553,-0.757943632333112,-0.6950451998748165,0.94,1.129842981668088,2.6060632070897998,0.018646153846153847,0.02292643974802538,SELECTOR_LIMITED
P18_19,LOO_GLD,mean_rank,25,2670,1.0669445492097922,1.848119574756687,0.7811750255468948,0.98,-0.09501422995282813,-0.757943632333112,-0.6629294023802839,0.92,1.1619587791626202,2.6060632070897998,0.018646153846153847,0.02292643974802538,SELECTOR_LIMITED
P18_19,LOO_GLD,nested_complexity,25,2670,1.0669445492097922,1.848119574756687,0.7811750255468948,0.98,-0.06289843245829553,-0.757943632333112,-0.6950451998748165,0.94,1.129842981668088,2.6060632070897998,0.018646153846153847,0.02292643974802538,SELECTOR_LIMITED
P18_19,LOO_GLD,single_fold,25,2670,1.0669445492097922,1.848119574756687,0.7811750255468948,0.98,-0.1321498759535813,-0.8841548309852577,-0.7520049550316764,0.88,1.1990944251633735,2.732274405741945,0.018646153846153847,0.02292643974802538,SELECTOR_LIMITED
P18_19,LOO_GLD,stability_lcb,25,2670,1.0669445492097922,1.848119574756687,0.7811750255468948,0.98,-0.09123972567186385,-0.757943632333112,-0.6667039066612481,0.9,1.1581842748816562,2.6060632070897998,0.018646153846153847,0.02292643974802538,SELECTOR_LIMITED
P18_19,LOO_IWM,family_balanced,25,2670,1.0839427290734285,1.7513109230799,0.6673681940064715,0.98,-0.06832311503171913,0.41103710479352457,0.4793602198252437,0.17,1.1522658441051477,1.340273818286375,0.1489,0.15252139570897477,FRONTIER_AND_SELECTION_UP
P18_19,LOO_IWM,mean_fold,25,2670,1.0839427290734285,1.7513109230799,0.6673681940064715,0.98,0.08120341486617103,0.49433609405551127,0.41313267918934027,0.16,1.0027393142072574,1.2569748290243887,0.1489,0.15252139570897477,FRONTIER_AND_SELECTION_UP
P18_19,LOO_IWM,mean_rank,25,2670,1.0839427290734285,1.7513109230799,0.6673681940064715,0.98,0.07809428587472063,0.49433609405551127,0.41624180818079065,0.17,1.005848443198708,1.2569748290243887,0.1489,0.15252139570897477,FRONTIER_AND_SELECTION_UP
P18_19,LOO_IWM,nested_complexity,25,2670,1.0839427290734285,1.7513109230799,0.6673681940064715,0.98,0.08120341486617103,0.49433609405551127,0.41313267918934027,0.16,1.0027393142072574,1.2569748290243887,0.1489,0.15252139570897477,FRONTIER_AND_SELECTION_UP
P18_19,LOO_IWM,single_fold,25,2670,1.0839427290734285,1.7513109230799,0.6673681940064715,0.98,-0.13296893203040383,-0.9740535882212846,-0.8410846561908808,0.83,1.2169116611038324,2.7253645113011835,0.1489,0.15252139570897477,SELECTOR_LIMITED
P18_19,LOO_IWM,stability_lcb,25,2670,1.0839427290734285,1.7513109230799,0.6673681940064715,0.98,0.07220831789022093,0.49433609405551127,0.42212777616529035,0.21,1.0117344111832076,1.2569748290243887,0.1489,0.15252139570897477,FRONTIER_AND_SELECTION_UP
P18_19,LOO_QQQ,family_balanced,25,2670,1.057893981908344,1.7603816465145048,0.7024876646061609,1.0,-0.23847567481363832,-0.27525605294831496,-0.03678037813467663,0.51,1.2963696567219822,2.035637699462819,0.08979230769230767,0.07486720997689526,SELECTOR_LIMITED
P18_19,LOO_QQQ,mean_fold,25,2670,1.057893981908344,1.7603816465145048,0.7024876646061609,1.0,-0.014545013009805527,0.9563790975100335,0.970924110519839,0.01,1.0724389949181494,0.8040025490044712,0.08979230769230767,0.07486720997689526,FRONTIER_AND_SELECTION_UP
P18_19,LOO_QQQ,mean_rank,25,2670,1.057893981908344,1.7603816465145048,0.7024876646061609,1.0,-0.05526425978717306,0.9563790975100335,1.0116433572972066,0.0,1.1131582416955168,0.8040025490044712,0.08979230769230767,0.07486720997689526,FRONTIER_AND_SELECTION_UP
P18_19,LOO_QQQ,nested_complexity,25,2670,1.057893981908344,1.7603816465145048,0.7024876646061609,1.0,-0.014545013009805527,0.9563790975100335,0.970924110519839,0.01,1.0724389949181494,0.8040025490044712,0.08979230769230767,0.07486720997689526,FRONTIER_AND_SELECTION_UP
P18_19,LOO_QQQ,single_fold,25,2670,1.057893981908344,1.7603816465145048,0.7024876646061609,1.0,-0.19056996633545992,-1.2344779062795346,-1.0439079399440747,0.91,1.2484639482438036,2.9948595527940385,0.08979230769230767,0.07486720997689526,SELECTOR_LIMITED
P18_19,LOO_QQQ,stability_lcb,25,2670,1.057893981908344,1.7603816465145048,0.7024876646061609,1.0,0.0001008063930353198,0.9563790975100335,0.9562782911169981,0.0,1.0577931755153085,0.8040025490044712,0.08979230769230767,0.07486720997689526,FRONTIER_AND_SELECTION_UP
P18_19,US3,family_balanced,25,2670,0.9574259323885201,1.5301079116269065,0.5726819792383864,1.0,-0.042934775212924145,0.48350520373562256,0.5264399789485467,0.2,1.000360707601444,1.0466027078912834,-0.035861538461538466,-0.005501587694149679,FRONTIER_AND_SELECTION_UP
P18_19,US3,mean_fold,25,2670,0.9574259323885201,1.5301079116269065,0.5726819792383864,1.0,-0.08912469622638775,0.5171154652371264,0.6062401614635141,0.09,1.0465506286149078,1.01299244638978,-0.035861538461538466,-0.005501587694149679,FRONTIER_AND_SELECTION_UP
P18_19,US3,mean_rank,25,2670,0.9574259323885201,1.5301079116269065,0.5726819792383864,1.0,-0.05209741256794354,0.48350520373562256,0.5356026163035661,0.16,1.0095233449564636,1.0466027078912834,-0.035861538461538466,-0.005501587694149679,FRONTIER_AND_SELECTION_UP
P18_19,US3,nested_complexity,25,2670,0.9574259323885201,1.5301079116269065,0.5726819792383864,1.0,-0.08912469622638775,0.5171154652371264,0.6062401614635141,0.09,1.0465506286149078,1.01299244638978,-0.035861538461538466,-0.005501587694149679,FRONTIER_AND_SELECTION_UP
P18_19,US3,single_fold,25,2670,0.9574259323885201,1.5301079116269065,0.5726819792383864,1.0,-0.010580159243285028,-0.6713804807486403,-0.6608003215053553,0.82,0.9680060916318051,2.201488392375546,-0.035861538461538466,-0.005501587694149679,SELECTOR_LIMITED
P18_19,US3,stability_lcb,25,2670,0.9574259323885201,1.5301079116269065,0.5726819792383864,1.0,-0.17468440254259301,0.5171154652371264,0.6917998677797194,0.07,1.132110334931113,1.01299244638978,-0.035861538461538466,-0.005501587694149679,FRONTIER_AND_SELECTION_UP
