period,universe,selector,selected_test_sharpe,oracle_test_sharpe,selection_regret,frontier_efficiency,validation_test_rank_corr,low_identifiability,status
P12_13,CROSS_ASSET4,diverse_ensemble,0.5403383896905684,1.532627145604838,0.9922887559142701,0.43521719790804364,0.2880294173039573,0,PARTIAL_CAPTURE
P12_13,CROSS_ASSET4,family_balanced,0.5233968572234088,1.532627145604838,1.0092302883814295,0.4255745549560752,0.2880294173039573,0,PARTIAL_CAPTURE
P12_13,CROSS_ASSET4,mean_fold,0.5233968572234088,1.532627145604838,1.0092302883814295,0.4255745549560752,0.2880294173039573,0,PARTIAL_CAPTURE
P12_13,CROSS_ASSET4,mean_rank,0.38557442823951626,1.532627145604838,1.1470527173653218,0.347129911530762,0.2880294173039573,0,PARTIAL_CAPTURE
P12_13,CROSS_ASSET4,nested_complexity,0.5233968572234088,1.532627145604838,1.0092302883814295,0.4255745549560752,0.2880294173039573,0,PARTIAL_CAPTURE
P12_13,CROSS_ASSET4,single_fold,0.16552915475383337,1.532627145604838,1.367097990851004,0.22188634164688423,0.2880294173039573,0,WEAK_CAPTURE
P12_13,CROSS_ASSET4,stability_lcb,0.38557442823951626,1.532627145604838,1.1470527173653218,0.347129911530762,0.2880294173039573,0,PARTIAL_CAPTURE
P12_13,EQ_BOND6,diverse_ensemble,0.5132591456267216,1.7321664383330992,1.2189072927063769,0.35514654175447097,0.31520344934490735,0,PARTIAL_CAPTURE
P12_13,EQ_BOND6,family_balanced,0.7708348666407712,1.7321664383330992,0.9613315716923273,0.4914149810770399,0.31520344934490735,0,PARTIAL_CAPTURE
P12_13,EQ_BOND6,mean_fold,-1.3767020825036311,1.7321664383330992,3.10886852083673,-0.6447228012238633,0.31520344934490735,0,NEGATIVE_SELECTION
P12_13,EQ_BOND6,mean_rank,0.841125393908853,1.7321664383330992,0.8910410444242456,0.5286016398672116,0.31520344934490735,0,STRONG_CAPTURE
P12_13,EQ_BOND6,nested_complexity,-1.3767020825036311,1.7321664383330992,3.10886852083673,-0.6447228012238633,0.31520344934490735,0,NEGATIVE_SELECTION
P12_13,EQ_BOND6,single_fold,1.1121733060972554,1.7321664383330992,0.6199931322358434,0.671997437538451,0.31520344934490735,0,STRONG_CAPTURE
P12_13,EQ_BOND6,stability_lcb,-0.7254466461646749,1.7321664383330992,2.457613084497773,-0.30018115901913317,0.31520344934490735,0,NEGATIVE_SELECTION
P12_13,EQ_REAL7_LOO_TLT,diverse_ensemble,0.8317779211491539,2.159130372087553,1.327352450938399,0.4307272113306408,0.3182717078878362,0,PARTIAL_CAPTURE
P12_13,EQ_REAL7_LOO_TLT,family_balanced,0.9514652625133665,2.159130372087553,1.2076651095741857,0.4820585261887689,0.3182717078878362,0,PARTIAL_CAPTURE
P12_13,EQ_REAL7_LOO_TLT,mean_fold,0.6617565174206861,2.159130372087553,1.4973738546668667,0.3578087045952541,0.3182717078878362,0,PARTIAL_CAPTURE
P12_13,EQ_REAL7_LOO_TLT,mean_rank,0.6617565174206861,2.159130372087553,1.4973738546668667,0.3578087045952541,0.3182717078878362,0,PARTIAL_CAPTURE
P12_13,EQ_REAL7_LOO_TLT,nested_complexity,0.6617565174206861,2.159130372087553,1.4973738546668667,0.3578087045952541,0.3182717078878362,0,PARTIAL_CAPTURE
P12_13,EQ_REAL7_LOO_TLT,single_fold,-1.3485932354898327,2.159130372087553,3.507723607577382,-0.5043868706877429,0.3182717078878362,0,NEGATIVE_SELECTION
P12_13,EQ_REAL7_LOO_TLT,stability_lcb,0.9514652625133665,2.159130372087553,1.2076651095741857,0.4820585261887689,0.3182717078878362,0,PARTIAL_CAPTURE
P12_13,FULL8,diverse_ensemble,1.0961284648357514,1.9427774957786423,0.8466490309428901,0.6042308630651777,0.3724321260248626,0,STRONG_CAPTURE
P12_13,FULL8,family_balanced,0.8127289324044539,1.9427774957786423,1.1300485633741884,0.4717547315645533,0.3724321260248626,0,PARTIAL_CAPTURE
P12_13,FULL8,mean_fold,0.5406748786294956,1.9427774957786423,1.402102617149147,0.3445820848986438,0.3724321260248626,0,PARTIAL_CAPTURE
P12_13,FULL8,mean_rank,0.8127289324044539,1.9427774957786423,1.1300485633741884,0.4717547315645533,0.3724321260248626,0,PARTIAL_CAPTURE
P12_13,FULL8,nested_complexity,0.5406748786294956,1.9427774957786423,1.402102617149147,0.3445820848986438,0.3724321260248626,0,PARTIAL_CAPTURE
P12_13,FULL8,single_fold,0.5567812381814059,1.9427774957786423,1.3859962575972367,0.3521110606442632,0.3724321260248626,0,PARTIAL_CAPTURE
P12_13,FULL8,stability_lcb,0.8127289324044539,1.9427774957786423,1.1300485633741884,0.4717547315645533,0.3724321260248626,0,PARTIAL_CAPTURE
P12_13,GLOBAL_EQ5,diverse_ensemble,-0.16261918659536054,1.7789864873835737,1.9416056739789338,-0.011934646403540812,0.18729535015532778,0,NEGATIVE_SELECTION
P12_13,GLOBAL_EQ5,family_balanced,1.3848335596652854,1.7789864873835737,0.394152927718288,0.7945736310493219,0.18729535015532778,0,STRONG_CAPTURE
P12_13,GLOBAL_EQ5,mean_fold,-1.267271583466211,1.7789864873835737,3.0462580708497837,-0.5876622761727439,0.18729535015532778,0,NEGATIVE_SELECTION
P12_13,GLOBAL_EQ5,mean_rank,1.0162474084432203,1.7789864873835737,0.7627390789403532,0.6024722679327918,0.18729535015532778,0,STRONG_CAPTURE
P12_13,GLOBAL_EQ5,nested_complexity,-1.267271583466211,1.7789864873835737,3.0462580708497837,-0.5876622761727439,0.18729535015532778,0,NEGATIVE_SELECTION
P12_13,GLOBAL_EQ5,single_fold,-0.022451471815308613,1.7789864873835737,1.8014379591988825,0.06111858412316559,0.18729535015532778,0,NEGATIVE_SELECTION
P12_13,GLOBAL_EQ5,stability_lcb,-0.7016359831453914,1.7789864873835737,2.480622470528964,-0.292861808253369,0.18729535015532778,0,NEGATIVE_SELECTION
P12_13,LOO_DBC,diverse_ensemble,1.2358207372456622,1.6548261920235297,0.4190054547778672,0.7708307137410205,0.4115127328067432,0,STRONG_CAPTURE
P12_13,LOO_DBC,family_balanced,1.0927828482106787,1.6548261920235297,0.5620433438128504,0.692598102293238,0.4115127328067432,0,STRONG_CAPTURE
P12_13,LOO_DBC,mean_fold,1.0927828482106787,1.6548261920235297,0.5620433438128504,0.692598102293238,0.4115127328067432,0,STRONG_CAPTURE
P12_13,LOO_DBC,mean_rank,1.0927828482106787,1.6548261920235297,0.5620433438128504,0.692598102293238,0.4115127328067432,0,STRONG_CAPTURE
P12_13,LOO_DBC,nested_complexity,1.0927828482106787,1.6548261920235297,0.5620433438128504,0.692598102293238,0.4115127328067432,0,STRONG_CAPTURE
P12_13,LOO_DBC,single_fold,0.0935343846829328,1.6548261920235297,1.561291807340597,0.1460728612234375,0.4115127328067432,0,WEAK_CAPTURE
P12_13,LOO_DBC,stability_lcb,1.0927828482106787,1.6548261920235297,0.5620433438128504,0.692598102293238,0.4115127328067432,0,STRONG_CAPTURE
P12_13,LOO_EEM,diverse_ensemble,0.7463816994350253,1.9653970008429373,1.2190153014079124,0.4331027507632564,0.4280121100440473,0,PARTIAL_CAPTURE
P12_13,LOO_EEM,family_balanced,0.9436505584451641,1.9653970008429373,1.021746442397774,0.5248416923530445,0.4280121100440473,0,STRONG_CAPTURE
P12_13,LOO_EEM,mean_fold,0.9436505584451641,1.9653970008429373,1.021746442397774,0.5248416923530445,0.4280121100440473,0,STRONG_CAPTURE
P12_13,LOO_EEM,mean_rank,0.7707284515946856,1.9653970008429373,1.1946685492482525,0.44442509168155253,0.4280121100440473,0,PARTIAL_CAPTURE
P12_13,LOO_EEM,nested_complexity,0.9436505584451641,1.9653970008429373,1.021746442397774,0.5248416923530445,0.4280121100440473,0,STRONG_CAPTURE
P12_13,LOO_EEM,single_fold,0.6138890180081165,1.9653970008429373,1.3515079828348215,0.3714876614709677,0.4280121100440473,0,PARTIAL_CAPTURE
P12_13,LOO_EEM,stability_lcb,0.9436505584451641,1.9653970008429373,1.021746442397774,0.5248416923530445,0.4280121100440473,0,STRONG_CAPTURE
P12_13,LOO_EFA,diverse_ensemble,0.9925165749989827,1.735967346607959,0.7434507716089762,0.6141006255450128,0.3963068573059561,0,STRONG_CAPTURE
P12_13,LOO_EFA,family_balanced,0.8608083086418076,1.735967346607959,0.8751590379661515,0.5457354566074826,0.3963068573059561,0,STRONG_CAPTURE
P12_13,LOO_EFA,mean_fold,0.8608083086418076,1.735967346607959,0.8751590379661515,0.5457354566074826,0.3963068573059561,0,STRONG_CAPTURE
P12_13,LOO_EFA,mean_rank,0.7494589397549367,1.735967346607959,0.9865084068530215,0.4879378815153135,0.3963068573059561,0,PARTIAL_CAPTURE
P12_13,LOO_EFA,nested_complexity,0.8608083086418076,1.735967346607959,0.8751590379661515,0.5457354566074826,0.3963068573059561,0,STRONG_CAPTURE
P12_13,LOO_EFA,single_fold,-1.617277977925794,1.735967346607959,3.353245324533753,-0.7405527340178536,0.3963068573059561,0,NEGATIVE_SELECTION
P12_13,LOO_EFA,stability_lcb,0.8608083086418076,1.735967346607959,0.8751590379661515,0.5457354566074826,0.3963068573059561,0,STRONG_CAPTURE
P12_13,LOO_GLD,diverse_ensemble,0.09219566316882513,1.681493881635191,1.5892982184663642,0.14977394382901457,0.2652795684757164,0,WEAK_CAPTURE
P12_13,LOO_GLD,family_balanced,0.4436865673732297,1.681493881635191,1.2378073142619603,0.337810853321095,0.2652795684757164,0,PARTIAL_CAPTURE
P12_13,LOO_GLD,mean_fold,0.6305624013217869,1.681493881635191,1.0509314803134038,0.43778372275844163,0.2652795684757164,0,PARTIAL_CAPTURE
P12_13,LOO_GLD,mean_rank,0.6305624013217869,1.681493881635191,1.0509314803134038,0.43778372275844163,0.2652795684757164,0,PARTIAL_CAPTURE
P12_13,LOO_GLD,nested_complexity,0.6305624013217869,1.681493881635191,1.0509314803134038,0.43778372275844163,0.2652795684757164,0,PARTIAL_CAPTURE
P12_13,LOO_GLD,single_fold,1.1465931138835506,1.681493881635191,0.5349007677516402,0.7138444094858626,0.2652795684757164,0,STRONG_CAPTURE
P12_13,LOO_GLD,stability_lcb,0.22965535294289008,1.681493881635191,1.4518385286922995,0.2233106838574963,0.2652795684757164,0,WEAK_CAPTURE
P12_13,LOO_IWM,diverse_ensemble,0.7237855471755874,1.4455487683974595,0.7217632212218722,0.5619144193980842,0.36482747860094344,0,STRONG_CAPTURE
P12_13,LOO_IWM,family_balanced,0.652024741615145,1.4455487683974595,0.7935240267823143,0.5183580656742305,0.36482747860094344,0,STRONG_CAPTURE
P12_13,LOO_IWM,mean_fold,0.9177335331423768,1.4455487683974595,0.527815235255083,0.6796342110701984,0.36482747860094344,0,STRONG_CAPTURE
P12_13,LOO_IWM,mean_rank,0.652024741615145,1.4455487683974595,0.7935240267823143,0.5183580656742305,0.36482747860094344,0,STRONG_CAPTURE
P12_13,LOO_IWM,nested_complexity,0.9177335331423768,1.4455487683974595,0.527815235255083,0.6796342110701984,0.36482747860094344,0,STRONG_CAPTURE
P12_13,LOO_IWM,single_fold,0.5461563211053572,1.4455487683974595,0.8993924472921024,0.45409955664695906,0.36482747860094344,0,PARTIAL_CAPTURE
P12_13,LOO_IWM,stability_lcb,0.9177335331423768,1.4455487683974595,0.527815235255083,0.6796342110701984,0.36482747860094344,0,STRONG_CAPTURE
P12_13,LOO_QQQ,diverse_ensemble,0.8357897259189125,1.5275391360337034,0.6917494101147911,0.6050270785282068,0.29604549662002344,0,STRONG_CAPTURE
P12_13,LOO_QQQ,family_balanced,0.5971614412233439,1.5275391360337034,0.9303776948103593,0.4687758445208351,0.29604549662002344,0,PARTIAL_CAPTURE
P12_13,LOO_QQQ,mean_fold,0.5971614412233439,1.5275391360337034,0.9303776948103593,0.4687758445208351,0.29604549662002344,0,PARTIAL_CAPTURE
P12_13,LOO_QQQ,mean_rank,0.32937221230634983,1.5275391360337034,1.1981669237273536,0.31587438549903046,0.29604549662002344,0,PARTIAL_CAPTURE
P12_13,LOO_QQQ,nested_complexity,0.5971614412233439,1.5275391360337034,0.9303776948103593,0.4687758445208351,0.29604549662002344,0,PARTIAL_CAPTURE
P12_13,LOO_QQQ,single_fold,0.8615374850110412,1.5275391360337034,0.6660016510226628,0.6197284537390393,0.29604549662002344,0,STRONG_CAPTURE
P12_13,LOO_QQQ,stability_lcb,0.5083259999043364,1.5275391360337034,1.0192131361293668,0.418052861204981,0.29604549662002344,0,PARTIAL_CAPTURE
P12_13,US3,diverse_ensemble,0.08427610488069513,2.096154663280856,2.01187855840016,0.08849099289998325,0.27911876530673313,0,WEAK_CAPTURE
P12_13,US3,family_balanced,-0.7054073712118423,2.096154663280856,2.8015620344926977,-0.2692858710220537,0.27911876530673313,0,NEGATIVE_SELECTION
P12_13,US3,mean_fold,-0.7054073712118423,2.096154663280856,2.8015620344926977,-0.2692858710220537,0.27911876530673313,0,NEGATIVE_SELECTION
P12_13,US3,mean_rank,-0.7054073712118423,2.096154663280856,2.8015620344926977,-0.2692858710220537,0.27911876530673313,0,NEGATIVE_SELECTION
P12_13,US3,nested_complexity,-0.7054073712118423,2.096154663280856,2.8015620344926977,-0.2692858710220537,0.27911876530673313,0,NEGATIVE_SELECTION
P12_13,US3,single_fold,0.6765112773203977,2.096154663280856,1.4196433859604582,0.35681121120853243,0.27911876530673313,0,PARTIAL_CAPTURE
P12_13,US3,stability_lcb,-0.7054073712118423,2.096154663280856,2.8015620344926977,-0.2692858710220537,0.27911876530673313,0,NEGATIVE_SELECTION
P14_15,CROSS_ASSET4,diverse_ensemble,1.1283079774036366,2.519098216781135,1.3907902393774985,0.49636499883384294,0.5309791430216454,0,PARTIAL_CAPTURE
P14_15,CROSS_ASSET4,family_balanced,1.1649261917512792,2.519098216781135,1.354172025029855,0.5096252403163631,0.5309791430216454,0,STRONG_CAPTURE
P14_15,CROSS_ASSET4,mean_fold,-0.21058901965875051,2.519098216781135,2.7296872364398848,0.011521654679590704,0.5309791430216454,0,NEGATIVE_SELECTION
P14_15,CROSS_ASSET4,mean_rank,-0.21058901965875051,2.519098216781135,2.7296872364398848,0.011521654679590704,0.5309791430216454,0,NEGATIVE_SELECTION
P14_15,CROSS_ASSET4,nested_complexity,-0.21058901965875051,2.519098216781135,2.7296872364398848,0.011521654679590704,0.5309791430216454,0,NEGATIVE_SELECTION
P14_15,CROSS_ASSET4,single_fold,0.6245409311532254,2.519098216781135,1.8945572856279091,0.31394013723907305,0.5309791430216454,0,PARTIAL_CAPTURE
P14_15,CROSS_ASSET4,stability_lcb,-0.21058901965875051,2.519098216781135,2.7296872364398848,0.011521654679590704,0.5309791430216454,0,NEGATIVE_SELECTION
P14_15,EQ_BOND6,diverse_ensemble,0.6847564167552583,1.9403122212063662,1.2555558044511077,0.46433711736168803,0.3153283881327903,0,PARTIAL_CAPTURE
P14_15,EQ_BOND6,family_balanced,0.10388909325601149,1.9403122212063662,1.8364231279503545,0.2165193271583826,0.3153283881327903,0,WEAK_CAPTURE
P14_15,EQ_BOND6,mean_fold,0.16661368412716812,1.9403122212063662,1.7736985370791976,0.24327977463450337,0.3153283881327903,0,WEAK_CAPTURE
P14_15,EQ_BOND6,mean_rank,0.16661368412716812,1.9403122212063662,1.7736985370791976,0.24327977463450337,0.3153283881327903,0,WEAK_CAPTURE
P14_15,EQ_BOND6,nested_complexity,0.16661368412716812,1.9403122212063662,1.7736985370791976,0.24327977463450337,0.3153283881327903,0,WEAK_CAPTURE
P14_15,EQ_BOND6,single_fold,0.16661368412716812,1.9403122212063662,1.7736985370791976,0.24327977463450337,0.3153283881327903,0,WEAK_CAPTURE
P14_15,EQ_BOND6,stability_lcb,0.16661368412716812,1.9403122212063662,1.7736985370791976,0.24327977463450337,0.3153283881327903,0,WEAK_CAPTURE
P14_15,EQ_REAL7_LOO_TLT,diverse_ensemble,0.2721474657838615,2.651143483833373,2.378996018049512,0.1984315821546312,0.4204990970295141,0,WEAK_CAPTURE
P14_15,EQ_REAL7_LOO_TLT,family_balanced,0.21234580334020553,2.651143483833373,2.4387976804931673,0.17828227396504245,0.4204990970295141,0,WEAK_CAPTURE
P14_15,EQ_REAL7_LOO_TLT,mean_fold,-0.01640431866393991,2.651143483833373,2.667547802497314,0.10120821752037053,0.4204990970295141,0,NEGATIVE_SELECTION
P14_15,EQ_REAL7_LOO_TLT,mean_rank,0.42704357470870585,2.651143483833373,2.224099909124668,0.2506215934111813,0.4204990970295141,0,PARTIAL_CAPTURE
P14_15,EQ_REAL7_LOO_TLT,nested_complexity,-0.01640431866393991,2.651143483833373,2.667547802497314,0.10120821752037053,0.4204990970295141,0,NEGATIVE_SELECTION
P14_15,EQ_REAL7_LOO_TLT,single_fold,0.3058979328739789,2.651143483833373,2.345245550959394,0.20980331556726128,0.4204990970295141,0,WEAK_CAPTURE
P14_15,EQ_REAL7_LOO_TLT,stability_lcb,0.42704357470870585,2.651143483833373,2.224099909124668,0.2506215934111813,0.4204990970295141,0,PARTIAL_CAPTURE
P14_15,FULL8,diverse_ensemble,0.16720541490097166,2.4112320641644347,2.244026649263464,0.1847089522239791,0.45195012083204406,0,WEAK_CAPTURE
P14_15,FULL8,family_balanced,0.337603171668698,2.4112320641644347,2.0736288924957376,0.24661720349160152,0.45195012083204406,0,WEAK_CAPTURE
P14_15,FULL8,mean_fold,0.029230802955241112,2.4112320641644347,2.3820012612091936,0.13458055202131397,0.45195012083204406,0,WEAK_CAPTURE
P14_15,FULL8,mean_rank,0.029230802955241112,2.4112320641644347,2.3820012612091936,0.13458055202131397,0.45195012083204406,0,WEAK_CAPTURE
P14_15,FULL8,nested_complexity,0.029230802955241112,2.4112320641644347,2.3820012612091936,0.13458055202131397,0.45195012083204406,0,WEAK_CAPTURE
P14_15,FULL8,single_fold,0.029230802955241112,2.4112320641644347,2.3820012612091936,0.13458055202131397,0.45195012083204406,0,WEAK_CAPTURE
P14_15,FULL8,stability_lcb,0.029230802955241112,2.4112320641644347,2.3820012612091936,0.13458055202131397,0.45195012083204406,0,WEAK_CAPTURE
P14_15,GLOBAL_EQ5,diverse_ensemble,0.9902941385715854,1.97378826891283,0.9834941303412437,0.5825087744841239,0.311928839332205,0,STRONG_CAPTURE
P14_15,GLOBAL_EQ5,family_balanced,0.16935463836997042,1.97378826891283,1.8044336305428592,0.23402165347340229,0.311928839332205,0,WEAK_CAPTURE
P14_15,GLOBAL_EQ5,mean_fold,0.18264241653184288,1.97378826891283,1.7911458523809862,0.23966228783820362,0.311928839332205,0,WEAK_CAPTURE
P14_15,GLOBAL_EQ5,mean_rank,0.18264241653184288,1.97378826891283,1.7911458523809862,0.23966228783820362,0.311928839332205,0,WEAK_CAPTURE
P14_15,GLOBAL_EQ5,nested_complexity,0.18264241653184288,1.97378826891283,1.7911458523809862,0.23966228783820362,0.311928839332205,0,WEAK_CAPTURE
P14_15,GLOBAL_EQ5,single_fold,0.6773626075396895,1.97378826891283,1.2964256613731402,0.4496699863687991,0.311928839332205,0,PARTIAL_CAPTURE
P14_15,GLOBAL_EQ5,stability_lcb,0.18264241653184288,1.97378826891283,1.7911458523809862,0.23966228783820362,0.311928839332205,0,WEAK_CAPTURE
P14_15,LOO_DBC,diverse_ensemble,-0.10122341369137723,1.9885257482450367,2.0897491619364144,0.13019628646485532,0.17943615260279777,0,NEGATIVE_SELECTION
P14_15,LOO_DBC,family_balanced,-0.1359115192723268,1.9885257482450367,2.1244372675173637,0.11575826509876411,0.17943615260279777,0,NEGATIVE_SELECTION
P14_15,LOO_DBC,mean_fold,0.055523587129929906,1.9885257482450367,1.9330021611151063,0.1954381470111872,0.17943615260279777,0,WEAK_CAPTURE
P14_15,LOO_DBC,mean_rank,0.055523587129929906,1.9885257482450367,1.9330021611151063,0.1954381470111872,0.17943615260279777,0,WEAK_CAPTURE
P14_15,LOO_DBC,nested_complexity,0.055523587129929906,1.9885257482450367,1.9330021611151063,0.1954381470111872,0.17943615260279777,0,WEAK_CAPTURE
P14_15,LOO_DBC,single_fold,0.055523587129929906,1.9885257482450367,1.9330021611151063,0.1954381470111872,0.17943615260279777,0,WEAK_CAPTURE
P14_15,LOO_DBC,stability_lcb,0.055523587129929906,1.9885257482450367,1.9330021611151063,0.1954381470111872,0.17943615260279777,0,WEAK_CAPTURE
P14_15,LOO_EEM,diverse_ensemble,0.34345809731189925,2.497843832384341,2.1543857350724425,0.2454859656070505,0.42544583121728907,0,WEAK_CAPTURE
P14_15,LOO_EEM,family_balanced,0.5715436370768493,2.497843832384341,1.9263001953074919,0.32536661928625776,0.42544583121728907,0,PARTIAL_CAPTURE
P14_15,LOO_EEM,mean_fold,-0.10591506034767179,2.497843832384341,2.603758892732013,0.08810544241944186,0.42544583121728907,0,NEGATIVE_SELECTION
P14_15,LOO_EEM,mean_rank,-0.10591506034767179,2.497843832384341,2.603758892732013,0.08810544241944186,0.42544583121728907,0,NEGATIVE_SELECTION
P14_15,LOO_EEM,nested_complexity,-0.10591506034767179,2.497843832384341,2.603758892732013,0.08810544241944186,0.42544583121728907,0,NEGATIVE_SELECTION
P14_15,LOO_EEM,single_fold,-0.10591506034767179,2.497843832384341,2.603758892732013,0.08810544241944186,0.42544583121728907,0,NEGATIVE_SELECTION
P14_15,LOO_EEM,stability_lcb,-0.10591506034767179,2.497843832384341,2.603758892732013,0.08810544241944186,0.42544583121728907,0,NEGATIVE_SELECTION
P14_15,LOO_EFA,diverse_ensemble,0.6225647381608113,2.523096624405889,1.9005318862450782,0.33399518834449154,0.48289477082071,0,PARTIAL_CAPTURE
P14_15,LOO_EFA,family_balanced,0.721871975180007,2.523096624405889,1.8012246492258817,0.36879549775559606,0.48289477082071,0,PARTIAL_CAPTURE
P14_15,LOO_EFA,mean_fold,-0.012186095655677479,2.523096624405889,2.535282720061566,0.1115589784688667,0.48289477082071,0,NEGATIVE_SELECTION
P14_15,LOO_EFA,mean_rank,-0.012186095655677479,2.523096624405889,2.535282720061566,0.1115589784688667,0.48289477082071,0,NEGATIVE_SELECTION
P14_15,LOO_EFA,nested_complexity,-0.012186095655677479,2.523096624405889,2.535282720061566,0.1115589784688667,0.48289477082071,0,NEGATIVE_SELECTION
P14_15,LOO_EFA,single_fold,-0.012186095655677479,2.523096624405889,2.535282720061566,0.1115589784688667,0.48289477082071,0,NEGATIVE_SELECTION
P14_15,LOO_EFA,stability_lcb,-0.012186095655677479,2.523096624405889,2.535282720061566,0.1115589784688667,0.48289477082071,0,NEGATIVE_SELECTION
P14_15,LOO_GLD,diverse_ensemble,1.1649306087624338,1.8561033339144084,0.6911727251519753,0.6834250067150062,0.4527096877784889,0,STRONG_CAPTURE
P14_15,LOO_GLD,family_balanced,0.08988092317581034,1.8561033339144084,1.7662224107385986,0.1910244321396886,0.4527096877784889,0,WEAK_CAPTURE
P14_15,LOO_GLD,mean_fold,0.08988092317581034,1.8561033339144084,1.7662224107385986,0.1910244321396886,0.4527096877784889,0,WEAK_CAPTURE
P14_15,LOO_GLD,mean_rank,0.08988092317581034,1.8561033339144084,1.7662224107385986,0.1910244321396886,0.4527096877784889,0,WEAK_CAPTURE
P14_15,LOO_GLD,nested_complexity,0.08988092317581034,1.8561033339144084,1.7662224107385986,0.1910244321396886,0.4527096877784889,0,WEAK_CAPTURE
P14_15,LOO_GLD,single_fold,0.08988092317581034,1.8561033339144084,1.7662224107385986,0.1910244321396886,0.4527096877784889,0,WEAK_CAPTURE
P14_15,LOO_GLD,stability_lcb,0.08988092317581034,1.8561033339144084,1.7662224107385986,0.1910244321396886,0.4527096877784889,0,WEAK_CAPTURE
P14_15,LOO_IWM,diverse_ensemble,0.4722047472552787,2.370202772917303,1.8979980256620237,0.2916524488544255,0.4781277379877992,0,PARTIAL_CAPTURE
P14_15,LOO_IWM,family_balanced,0.8361289869667669,2.370202772917303,1.5340737859505365,0.4274717914020721,0.4781277379877992,0,PARTIAL_CAPTURE
P14_15,LOO_IWM,mean_fold,0.013609879125283142,2.370202772917303,2.3565928937920195,0.12050129515683196,0.4781277379877992,0,WEAK_CAPTURE
P14_15,LOO_IWM,mean_rank,0.013609879125283142,2.370202772917303,2.3565928937920195,0.12050129515683196,0.4781277379877992,0,WEAK_CAPTURE
P14_15,LOO_IWM,nested_complexity,0.013609879125283142,2.370202772917303,2.3565928937920195,0.12050129515683196,0.4781277379877992,0,WEAK_CAPTURE
P14_15,LOO_IWM,single_fold,0.013609879125283142,2.370202772917303,2.3565928937920195,0.12050129515683196,0.4781277379877992,0,WEAK_CAPTURE
P14_15,LOO_IWM,stability_lcb,0.013609879125283142,2.370202772917303,2.3565928937920195,0.12050129515683196,0.4781277379877992,0,WEAK_CAPTURE
P14_15,LOO_QQQ,diverse_ensemble,0.6950728806925524,2.0947317442326967,1.3996588635401446,0.4184775158430486,0.40840560382103275,0,PARTIAL_CAPTURE
P14_15,LOO_QQQ,family_balanced,0.1609987509076725,2.0947317442326967,1.933732993325026,0.19658336522771352,0.40840560382103275,0,WEAK_CAPTURE
P14_15,LOO_QQQ,mean_fold,0.1609987509076725,2.0947317442326967,1.933732993325026,0.19658336522771352,0.40840560382103275,0,WEAK_CAPTURE
P14_15,LOO_QQQ,mean_rank,0.1609987509076725,2.0947317442326967,1.933732993325026,0.19658336522771352,0.40840560382103275,0,WEAK_CAPTURE
P14_15,LOO_QQQ,nested_complexity,0.1609987509076725,2.0947317442326967,1.933732993325026,0.19658336522771352,0.40840560382103275,0,WEAK_CAPTURE
P14_15,LOO_QQQ,single_fold,0.1609987509076725,2.0947317442326967,1.933732993325026,0.19658336522771352,0.40840560382103275,0,WEAK_CAPTURE
P14_15,LOO_QQQ,stability_lcb,0.1609987509076725,2.0947317442326967,1.933732993325026,0.19658336522771352,0.40840560382103275,0,WEAK_CAPTURE
P14_15,US3,diverse_ensemble,0.10073199982694092,2.101053121133746,2.000321121306804,0.20865242216535976,0.1296458348199697,0,WEAK_CAPTURE
P14_15,US3,family_balanced,-0.3032474069761632,2.101053121133746,2.404300528109908,0.0488340201780529,0.1296458348199697,0,NEGATIVE_SELECTION
P14_15,US3,mean_fold,0.38358900050729894,2.101053121133746,1.7174641206264472,0.3205535564271125,0.1296458348199697,0,PARTIAL_CAPTURE
P14_15,US3,mean_rank,0.38358900050729894,2.101053121133746,1.7174641206264472,0.3205535564271125,0.1296458348199697,0,PARTIAL_CAPTURE
P14_15,US3,nested_complexity,0.38358900050729894,2.101053121133746,1.7174641206264472,0.3205535564271125,0.1296458348199697,0,PARTIAL_CAPTURE
P14_15,US3,single_fold,-0.5843291395121417,2.101053121133746,2.6853822606458873,-0.06236479977471331,0.1296458348199697,0,NEGATIVE_SELECTION
P14_15,US3,stability_lcb,0.38358900050729894,2.101053121133746,1.7174641206264472,0.3205535564271125,0.1296458348199697,0,PARTIAL_CAPTURE
P16_17,CROSS_ASSET4,diverse_ensemble,-0.7986327412620985,2.3858428747913116,3.1844756160534113,-0.31709223328883196,-0.12856620654933823,0,NEGATIVE_SELECTION
P16_17,CROSS_ASSET4,family_balanced,0.036039370653753136,2.3858428747913116,2.349803504137558,0.028126348510073763,-0.12856620654933823,0,WEAK_CAPTURE
P16_17,CROSS_ASSET4,mean_fold,-1.297470714429084,2.3858428747913116,3.6833135892203965,-0.5234105410239163,-0.12856620654933823,0,NEGATIVE_SELECTION
P16_17,CROSS_ASSET4,mean_rank,-0.044309257912113056,2.3858428747913116,2.4301521327034257,-0.005105670634938462,-0.12856620654933823,0,NEGATIVE_SELECTION
P16_17,CROSS_ASSET4,nested_complexity,-1.297470714429084,2.3858428747913116,3.6833135892203965,-0.5234105410239163,-0.12856620654933823,0,NEGATIVE_SELECTION
P16_17,CROSS_ASSET4,single_fold,0.6544318853874264,2.3858428747913116,1.7314109894038858,0.2838921562850673,-0.12856620654933823,0,PARTIAL_CAPTURE
P16_17,CROSS_ASSET4,stability_lcb,-0.044309257912113056,2.3858428747913116,2.4301521327034257,-0.005105670634938462,-0.12856620654933823,0,NEGATIVE_SELECTION
P16_17,EQ_BOND6,diverse_ensemble,-2.211102760091045,2.0779122254381055,4.289014985529151,-0.970067431443378,0.13586463656314068,0,NEGATIVE_SELECTION
P16_17,EQ_BOND6,family_balanced,-1.9730784966891417,2.0779122254381055,4.050990722127248,-0.8607360696263855,0.13586463656314068,0,NEGATIVE_SELECTION
P16_17,EQ_BOND6,mean_fold,-1.9730784966891417,2.0779122254381055,4.050990722127248,-0.8607360696263855,0.13586463656314068,0,NEGATIVE_SELECTION
P16_17,EQ_BOND6,mean_rank,-1.9730784966891417,2.0779122254381055,4.050990722127248,-0.8607360696263855,0.13586463656314068,0,NEGATIVE_SELECTION
P16_17,EQ_BOND6,nested_complexity,-1.9730784966891417,2.0779122254381055,4.050990722127248,-0.8607360696263855,0.13586463656314068,0,NEGATIVE_SELECTION
P16_17,EQ_BOND6,single_fold,0.7511676667468881,2.0779122254381055,1.3267445586912192,0.3905882227642028,0.13586463656314068,0,PARTIAL_CAPTURE
P16_17,EQ_BOND6,stability_lcb,-1.9730784966891417,2.0779122254381055,4.050990722127248,-0.8607360696263855,0.13586463656314068,0,NEGATIVE_SELECTION
P16_17,EQ_REAL7_LOO_TLT,diverse_ensemble,-1.2375853819908116,2.401650299318603,3.639235681309414,-0.4691849575984904,0.12119039391951997,0,NEGATIVE_SELECTION
P16_17,EQ_REAL7_LOO_TLT,family_balanced,-1.300980441040943,2.401650299318603,3.702630740359546,-0.4947779873714364,0.12119039391951997,0,NEGATIVE_SELECTION
P16_17,EQ_REAL7_LOO_TLT,mean_fold,-1.300980441040943,2.401650299318603,3.702630740359546,-0.4947779873714364,0.12119039391951997,0,NEGATIVE_SELECTION
P16_17,EQ_REAL7_LOO_TLT,mean_rank,-1.300980441040943,2.401650299318603,3.702630740359546,-0.4947779873714364,0.12119039391951997,0,NEGATIVE_SELECTION
P16_17,EQ_REAL7_LOO_TLT,nested_complexity,-1.300980441040943,2.401650299318603,3.702630740359546,-0.4947779873714364,0.12119039391951997,0,NEGATIVE_SELECTION
P16_17,EQ_REAL7_LOO_TLT,single_fold,-0.8626824796989905,2.401650299318603,3.2643327790175936,-0.3178340276666921,0.12119039391951997,0,NEGATIVE_SELECTION
P16_17,EQ_REAL7_LOO_TLT,stability_lcb,-1.1609074723181168,2.401650299318603,3.562557771636719,-0.4382295479090891,0.12119039391951997,0,NEGATIVE_SELECTION
P16_17,FULL8,diverse_ensemble,-1.1426989392182783,2.4773214076772656,3.620020346895544,-0.4185210956399923,0.12388622435860296,0,NEGATIVE_SELECTION
P16_17,FULL8,family_balanced,-0.7789769080338315,2.4773214076772656,3.2562983157110965,-0.27599499778901426,0.12388622435860296,0,NEGATIVE_SELECTION
P16_17,FULL8,mean_fold,-0.7789769080338315,2.4773214076772656,3.2562983157110965,-0.27599499778901426,0.12388622435860296,0,NEGATIVE_SELECTION
P16_17,FULL8,mean_rank,-0.7789769080338315,2.4773214076772656,3.2562983157110965,-0.27599499778901426,0.12388622435860296,0,NEGATIVE_SELECTION
P16_17,FULL8,nested_complexity,-0.7789769080338315,2.4773214076772656,3.2562983157110965,-0.27599499778901426,0.12388622435860296,0,NEGATIVE_SELECTION
P16_17,FULL8,single_fold,-0.36490736766793463,2.4773214076772656,2.8422287753451987,-0.11374000422946319,0.12388622435860296,0,NEGATIVE_SELECTION
P16_17,FULL8,stability_lcb,-0.7789769080338315,2.4773214076772656,3.2562983157110965,-0.27599499778901426,0.12388622435860296,0,NEGATIVE_SELECTION
P16_17,GLOBAL_EQ5,diverse_ensemble,-2.7553544495425917,1.8253812562093765,4.5807357057519695,-1.3549032931339569,0.0534584733888285,1,NEGATIVE_SELECTION
P16_17,GLOBAL_EQ5,family_balanced,-1.5321245885198496,1.8253812562093765,3.3575058447292263,-0.7260549567487926,0.0534584733888285,1,NEGATIVE_SELECTION
P16_17,GLOBAL_EQ5,mean_fold,-1.5886505705378258,1.8253812562093765,3.4140318267472027,-0.7551143109120582,0.0534584733888285,1,NEGATIVE_SELECTION
P16_17,GLOBAL_EQ5,mean_rank,-1.5886505705378258,1.8253812562093765,3.4140318267472027,-0.7551143109120582,0.0534584733888285,1,NEGATIVE_SELECTION
P16_17,GLOBAL_EQ5,nested_complexity,-1.5886505705378258,1.8253812562093765,3.4140318267472027,-0.7551143109120582,0.0534584733888285,1,NEGATIVE_SELECTION
P16_17,GLOBAL_EQ5,single_fold,0.882784033543034,1.8253812562093765,0.9425972226663428,0.5154216601126729,0.0534584733888285,1,STRONG_CAPTURE
P16_17,GLOBAL_EQ5,stability_lcb,-1.5321245885198496,1.8253812562093765,3.3575058447292263,-0.7260549567487926,0.0534584733888285,1,NEGATIVE_SELECTION
P16_17,LOO_DBC,diverse_ensemble,-2.080547094600695,2.3604673108099017,4.441014405410598,-0.8205208132361395,0.04430689099065712,1,NEGATIVE_SELECTION
P16_17,LOO_DBC,family_balanced,-1.9922254460794553,2.3604673108099017,4.352692756889356,-0.7843148060688692,0.04430689099065712,1,NEGATIVE_SELECTION
P16_17,LOO_DBC,mean_fold,-1.9922254460794553,2.3604673108099017,4.352692756889356,-0.7843148060688692,0.04430689099065712,1,NEGATIVE_SELECTION
P16_17,LOO_DBC,mean_rank,-1.9922254460794553,2.3604673108099017,4.352692756889356,-0.7843148060688692,0.04430689099065712,1,NEGATIVE_SELECTION
P16_17,LOO_DBC,nested_complexity,-1.9922254460794553,2.3604673108099017,4.352692756889356,-0.7843148060688692,0.04430689099065712,1,NEGATIVE_SELECTION
P16_17,LOO_DBC,single_fold,0.5193943269365464,2.3604673108099017,1.841072983873354,0.24528241076076374,0.04430689099065712,1,WEAK_CAPTURE
P16_17,LOO_DBC,stability_lcb,-1.9922254460794553,2.3604673108099017,4.352692756889356,-0.7843148060688692,0.04430689099065712,1,NEGATIVE_SELECTION
P16_17,LOO_EEM,diverse_ensemble,-1.102295082764553,2.29015817583631,3.392453258600864,-0.4391702885662391,0.1455884391912128,0,NEGATIVE_SELECTION
P16_17,LOO_EEM,family_balanced,-1.079504912012881,2.29015817583631,3.36966308784919,-0.4295020826642114,0.1455884391912128,0,NEGATIVE_SELECTION
P16_17,LOO_EEM,mean_fold,-1.079504912012881,2.29015817583631,3.36966308784919,-0.4295020826642114,0.1455884391912128,0,NEGATIVE_SELECTION
P16_17,LOO_EEM,mean_rank,0.46139721405159295,2.29015817583631,1.8287609617847174,0.22419021266755834,0.1455884391912128,0,WEAK_CAPTURE
P16_17,LOO_EEM,nested_complexity,-1.079504912012881,2.29015817583631,3.36966308784919,-0.4295020826642114,0.1455884391912128,0,NEGATIVE_SELECTION
P16_17,LOO_EEM,single_fold,0.440702405751135,2.29015817583631,1.8494557700851746,0.21541091610449345,0.1455884391912128,0,WEAK_CAPTURE
P16_17,LOO_EEM,stability_lcb,-1.079504912012881,2.29015817583631,3.36966308784919,-0.4295020826642114,0.1455884391912128,0,NEGATIVE_SELECTION
P16_17,LOO_EFA,diverse_ensemble,-0.7705975964513366,2.4342864210261697,3.204884017477507,-0.28921724508813773,0.11723846766819788,0,NEGATIVE_SELECTION
P16_17,LOO_EFA,family_balanced,-0.25565876673829707,2.4342864210261697,2.689945187764468,-0.08207464154578853,0.11723846766819788,0,NEGATIVE_SELECTION
P16_17,LOO_EFA,mean_fold,-0.25565876673829707,2.4342864210261697,2.689945187764468,-0.08207464154578853,0.11723846766819788,0,NEGATIVE_SELECTION
P16_17,LOO_EFA,mean_rank,-0.25915676154041645,2.4342864210261697,2.693443182566586,-0.0834817674191517,0.11723846766819788,0,NEGATIVE_SELECTION
P16_17,LOO_EFA,nested_complexity,-0.25565876673829707,2.4342864210261697,2.689945187764468,-0.08207464154578853,0.11723846766819788,0,NEGATIVE_SELECTION
P16_17,LOO_EFA,single_fold,-0.25565876673829707,2.4342864210261697,2.689945187764468,-0.08207464154578853,0.11723846766819788,0,NEGATIVE_SELECTION
P16_17,LOO_EFA,stability_lcb,-1.0269381507052684,2.4342864210261697,3.4612245717314396,-0.39233444413727325,0.11723846766819788,0,NEGATIVE_SELECTION
P16_17,LOO_GLD,diverse_ensemble,-1.324190083032078,2.098104899272524,3.422294982304602,-0.5631167913713395,0.2058589437005125,0,NEGATIVE_SELECTION
P16_17,LOO_GLD,family_balanced,-0.36016878593181906,2.098104899272524,2.458273685204343,-0.12280469538648392,0.2058589437005125,0,NEGATIVE_SELECTION
P16_17,LOO_GLD,mean_fold,-0.36016878593181906,2.098104899272524,2.458273685204343,-0.12280469538648392,0.2058589437005125,0,NEGATIVE_SELECTION
P16_17,LOO_GLD,mean_rank,-0.36016878593181906,2.098104899272524,2.458273685204343,-0.12280469538648392,0.2058589437005125,0,NEGATIVE_SELECTION
P16_17,LOO_GLD,nested_complexity,-0.36016878593181906,2.098104899272524,2.458273685204343,-0.12280469538648392,0.2058589437005125,0,NEGATIVE_SELECTION
P16_17,LOO_GLD,single_fold,-0.36016878593181906,2.098104899272524,2.458273685204343,-0.12280469538648392,0.2058589437005125,0,NEGATIVE_SELECTION
P16_17,LOO_GLD,stability_lcb,-0.7458727054689912,2.098104899272524,2.8439776047415135,-0.2989731075904767,0.2058589437005125,0,NEGATIVE_SELECTION
P16_17,LOO_IWM,diverse_ensemble,-0.964078927088508,2.3666046850508886,3.330683612139397,-0.36580492218380656,0.12325778200482354,0,NEGATIVE_SELECTION
P16_17,LOO_IWM,family_balanced,-0.7767838233581291,2.3666046850508886,3.143388508409018,-0.2890012973532979,0.12325778200482354,0,NEGATIVE_SELECTION
P16_17,LOO_IWM,mean_fold,-0.7767838233581291,2.3666046850508886,3.143388508409018,-0.2890012973532979,0.12325778200482354,0,NEGATIVE_SELECTION
P16_17,LOO_IWM,mean_rank,-0.7767838233581291,2.3666046850508886,3.143388508409018,-0.2890012973532979,0.12325778200482354,0,NEGATIVE_SELECTION
P16_17,LOO_IWM,nested_complexity,-0.7767838233581291,2.3666046850508886,3.143388508409018,-0.2890012973532979,0.12325778200482354,0,NEGATIVE_SELECTION
P16_17,LOO_IWM,single_fold,-0.31195422861218125,2.3666046850508886,2.67855891366307,-0.09838981262181173,0.12325778200482354,0,NEGATIVE_SELECTION
P16_17,LOO_IWM,stability_lcb,-0.7767838233581291,2.3666046850508886,3.143388508409018,-0.2890012973532979,0.12325778200482354,0,NEGATIVE_SELECTION
P16_17,LOO_QQQ,diverse_ensemble,-1.445104118549393,2.4889712566011437,3.9340753751505395,-0.5351157169220698,0.06544519360996681,1,NEGATIVE_SELECTION
P16_17,LOO_QQQ,family_balanced,0.5660431234841949,2.4889712566011437,1.92292813311695,0.24965413263174013,0.06544519360996681,1,WEAK_CAPTURE
P16_17,LOO_QQQ,mean_fold,-0.8534457488368368,2.4889712566011437,3.3424170054379814,-0.30424467969404523,0.06544519360996681,1,NEGATIVE_SELECTION
P16_17,LOO_QQQ,mean_rank,-0.9896230262251159,2.4889712566011437,3.478594282826259,-0.3573824208077125,0.06544519360996681,1,NEGATIVE_SELECTION
P16_17,LOO_QQQ,nested_complexity,-0.8534457488368368,2.4889712566011437,3.3424170054379814,-0.30424467969404523,0.06544519360996681,1,NEGATIVE_SELECTION
P16_17,LOO_QQQ,single_fold,-0.36035209704188864,2.4889712566011437,2.849323353643034,-0.11183458517317994,0.06544519360996681,1,NEGATIVE_SELECTION
P16_17,LOO_QQQ,stability_lcb,-0.9896230262251159,2.4889712566011437,3.478594282826259,-0.3573824208077125,0.06544519360996681,1,NEGATIVE_SELECTION
P16_17,US3,diverse_ensemble,-0.5316071619945141,1.8141592029675766,2.345766364962091,-0.2397366042288776,0.34571422278231906,0,NEGATIVE_SELECTION
P16_17,US3,family_balanced,0.18177570266895648,1.8141592029675766,1.63238350029862,0.1372859600652663,0.34571422278231906,0,WEAK_CAPTURE
P16_17,US3,mean_fold,0.18177570266895648,1.8141592029675766,1.63238350029862,0.1372859600652663,0.34571422278231906,0,WEAK_CAPTURE
P16_17,US3,mean_rank,0.18177570266895648,1.8141592029675766,1.63238350029862,0.1372859600652663,0.34571422278231906,0,WEAK_CAPTURE
P16_17,US3,nested_complexity,0.18177570266895648,1.8141592029675766,1.63238350029862,0.1372859600652663,0.34571422278231906,0,WEAK_CAPTURE
P16_17,US3,single_fold,0.3388215260878256,1.8141592029675766,1.4753376768797506,0.22028461617259906,0.34571422278231906,0,WEAK_CAPTURE
P16_17,US3,stability_lcb,1.3710901308680266,1.8141592029675766,0.44306907209954965,0.76583816909984,0.34571422278231906,0,STRONG_CAPTURE
P18_19,CROSS_ASSET4,diverse_ensemble,0.20052840182700624,2.0457852966059913,1.8452568947789836,0.14982859076067118,0.27313075229097855,0,WEAK_CAPTURE
P18_19,CROSS_ASSET4,family_balanced,0.1473440036719151,2.0457852966059913,1.8984412929340748,0.1253247642978116,0.27313075229097855,0,WEAK_CAPTURE
P18_19,CROSS_ASSET4,mean_fold,-0.24955086320002726,2.0457852966059913,2.2953361598060176,-0.057537941292452904,0.27313075229097855,0,NEGATIVE_SELECTION
P18_19,CROSS_ASSET4,mean_rank,-0.24955086320002726,2.0457852966059913,2.2953361598060176,-0.057537941292452904,0.27313075229097855,0,NEGATIVE_SELECTION
P18_19,CROSS_ASSET4,nested_complexity,-0.24955086320002726,2.0457852966059913,2.2953361598060176,-0.057537941292452904,0.27313075229097855,0,NEGATIVE_SELECTION
P18_19,CROSS_ASSET4,single_fold,-1.2495176207946421,2.0457852966059913,3.295302917400633,-0.5182559854315167,0.27313075229097855,0,NEGATIVE_SELECTION
P18_19,CROSS_ASSET4,stability_lcb,0.1473440036719151,2.0457852966059913,1.8984412929340748,0.1253247642978116,0.27313075229097855,0,WEAK_CAPTURE
P18_19,EQ_BOND6,diverse_ensemble,0.47547859007895227,1.678549767491135,1.2030711774121825,0.33635426812497693,0.032650952194642986,1,PARTIAL_CAPTURE
P18_19,EQ_BOND6,family_balanced,1.365887636636108,1.678549767491135,0.31266213085502687,0.8275273379026368,0.032650952194642986,1,STRONG_CAPTURE
P18_19,EQ_BOND6,mean_fold,0.47639206257579564,1.678549767491135,1.2021577049153394,0.33685816360106924,0.032650952194642986,1,PARTIAL_CAPTURE
P18_19,EQ_BOND6,mean_rank,0.6892749225727247,1.678549767491135,0.9892748449184103,0.454289953239819,0.032650952194642986,1,PARTIAL_CAPTURE
P18_19,EQ_BOND6,nested_complexity,0.47639206257579564,1.678549767491135,1.2021577049153394,0.33685816360106924,0.032650952194642986,1,PARTIAL_CAPTURE
P18_19,EQ_BOND6,single_fold,-0.8316307227285477,1.678549767491135,2.5101804902196823,-0.3846816380004625,0.032650952194642986,1,NEGATIVE_SELECTION
P18_19,EQ_BOND6,stability_lcb,0.6892749225727247,1.678549767491135,0.9892748449184103,0.454289953239819,0.032650952194642986,1,PARTIAL_CAPTURE
P18_19,EQ_REAL7_LOO_TLT,diverse_ensemble,-0.04948255881905914,1.7065654355571929,1.7560479943762524,0.05645950896860248,-0.056600742320215607,1,NEGATIVE_SELECTION
P18_19,EQ_REAL7_LOO_TLT,family_balanced,-0.6604638014842985,1.7065654355571929,2.367029237041492,-0.2718262460685774,-0.056600742320215607,1,NEGATIVE_SELECTION
P18_19,EQ_REAL7_LOO_TLT,mean_fold,0.7564586135201874,1.7065654355571929,0.9501068220370051,0.48949899987471546,-0.056600742320215607,1,PARTIAL_CAPTURE
P18_19,EQ_REAL7_LOO_TLT,mean_rank,0.7564586135201874,1.7065654355571929,0.9501068220370051,0.48949899987471546,-0.056600742320215607,1,PARTIAL_CAPTURE
P18_19,EQ_REAL7_LOO_TLT,nested_complexity,0.7564586135201874,1.7065654355571929,0.9501068220370051,0.48949899987471546,-0.056600742320215607,1,PARTIAL_CAPTURE
P18_19,EQ_REAL7_LOO_TLT,single_fold,-0.6593042658914439,1.7065654355571929,2.365869701448638,-0.27120321709319956,-0.056600742320215607,1,NEGATIVE_SELECTION
P18_19,EQ_REAL7_LOO_TLT,stability_lcb,0.7564586135201874,1.7065654355571929,0.9501068220370051,0.48949899987471546,-0.056600742320215607,1,PARTIAL_CAPTURE
P18_19,FULL8,diverse_ensemble,0.18110048872487788,1.8589463473419494,1.6778458586170726,0.16288622647486803,0.06496128744125168,1,WEAK_CAPTURE
P18_19,FULL8,family_balanced,0.4481777263892692,1.8589463473419494,1.4107686209526813,0.29613686633291975,0.06496128744125168,1,PARTIAL_CAPTURE
P18_19,FULL8,mean_fold,0.8545026684939083,1.8589463473419494,1.004443678848042,0.4988612130395642,0.06496128744125168,1,PARTIAL_CAPTURE
P18_19,FULL8,mean_rank,0.8545026684939083,1.8589463473419494,1.004443678848042,0.4988612130395642,0.06496128744125168,1,PARTIAL_CAPTURE
P18_19,FULL8,nested_complexity,0.8545026684939083,1.8589463473419494,1.004443678848042,0.4988612130395642,0.06496128744125168,1,PARTIAL_CAPTURE
P18_19,FULL8,single_fold,-1.2899107283457047,1.8589463473419494,3.1488570756876557,-0.5710332480081516,0.06496128744125168,1,NEGATIVE_SELECTION
P18_19,FULL8,stability_lcb,0.8545026684939083,1.8589463473419494,1.004443678848042,0.4988612130395642,0.06496128744125168,1,PARTIAL_CAPTURE
P18_19,GLOBAL_EQ5,diverse_ensemble,0.31103749888641696,1.618398973485265,1.3073614745988487,0.2609321927692769,-0.05655895835569018,1,PARTIAL_CAPTURE
P18_19,GLOBAL_EQ5,family_balanced,0.3520812704319887,1.618398973485265,1.2663177030532768,0.28413475061271654,-0.05655895835569018,1,PARTIAL_CAPTURE
P18_19,GLOBAL_EQ5,mean_fold,0.49100591156300927,1.618398973485265,1.1273930619222563,0.3626705893122034,-0.05655895835569018,1,PARTIAL_CAPTURE
P18_19,GLOBAL_EQ5,mean_rank,0.5791575545530873,1.618398973485265,1.0392414189321781,0.4125038165827661,-0.05655895835569018,1,PARTIAL_CAPTURE
P18_19,GLOBAL_EQ5,nested_complexity,0.49100591156300927,1.618398973485265,1.1273930619222563,0.3626705893122034,-0.05655895835569018,1,PARTIAL_CAPTURE
P18_19,GLOBAL_EQ5,single_fold,-0.768349474638909,1.618398973485265,2.3867484481241736,-0.3492587752042503,-0.05655895835569018,1,NEGATIVE_SELECTION
P18_19,GLOBAL_EQ5,stability_lcb,0.5791575545530873,1.618398973485265,1.0392414189321781,0.4125038165827661,-0.05655895835569018,1,PARTIAL_CAPTURE
P18_19,LOO_DBC,diverse_ensemble,0.5152583219896102,1.6551214475581713,1.1398631255685618,0.3634193077972823,0.0032813145480108507,1,PARTIAL_CAPTURE
P18_19,LOO_DBC,family_balanced,1.1197915263173674,1.6551214475581713,0.5353299212408043,0.7010336730997271,0.0032813145480108507,1,STRONG_CAPTURE
P18_19,LOO_DBC,mean_fold,0.6646679632458675,1.6551214475581713,0.9904534843123031,0.4468602848051379,0.0032813145480108507,1,PARTIAL_CAPTURE
P18_19,LOO_DBC,mean_rank,0.6646679632458675,1.6551214475581713,0.9904534843123031,0.4468602848051379,0.0032813145480108507,1,PARTIAL_CAPTURE
P18_19,LOO_DBC,nested_complexity,0.6646679632458675,1.6551214475581713,0.9904534843123031,0.4468602848051379,0.0032813145480108507,1,PARTIAL_CAPTURE
P18_19,LOO_DBC,single_fold,0.39572971975873705,1.6551214475581713,1.2593917277994344,0.29666602958398913,0.0032813145480108507,1,PARTIAL_CAPTURE
P18_19,LOO_DBC,stability_lcb,0.6646679632458675,1.6551214475581713,0.9904534843123031,0.4468602848051379,0.0032813145480108507,1,PARTIAL_CAPTURE
P18_19,LOO_EEM,diverse_ensemble,0.19964381708867204,1.7730349395240979,1.5733911224354247,0.17276984166881346,0.06318341253354358,1,WEAK_CAPTURE
P18_19,LOO_EEM,family_balanced,-0.27025794630725153,1.7730349395240979,2.0432928858313493,-0.07428691655950648,0.06318341253354358,1,NEGATIVE_SELECTION
P18_19,LOO_EEM,mean_fold,0.8594209349104693,1.7730349395240979,0.9136140046136281,0.5196559540006308,0.06318341253354358,1,STRONG_CAPTURE
P18_19,LOO_EEM,mean_rank,0.8594209349104693,1.7730349395240979,0.9136140046136281,0.5196559540006308,0.06318341253354358,1,STRONG_CAPTURE
P18_19,LOO_EEM,nested_complexity,0.8594209349104693,1.7730349395240979,0.9136140046136281,0.5196559540006308,0.06318341253354358,1,STRONG_CAPTURE
P18_19,LOO_EEM,single_fold,-1.3758454391119281,1.7730349395240979,3.148880378636025,-0.6555634368605342,0.06318341253354358,1,NEGATIVE_SELECTION
P18_19,LOO_EEM,stability_lcb,0.8594209349104693,1.7730349395240979,0.9136140046136281,0.5196559540006308,0.06318341253354358,1,STRONG_CAPTURE
P18_19,LOO_EFA,diverse_ensemble,0.3239566534851778,1.7067114330073787,1.3827547795222015,0.24925601955766427,0.08172816986248428,1,WEAK_CAPTURE
P18_19,LOO_EFA,family_balanced,-0.1281935668674752,1.7067114330073787,1.8349049998748543,0.0037684890045438023,0.08172816986248428,1,NEGATIVE_SELECTION
P18_19,LOO_EFA,mean_fold,0.8820047420617168,1.7067114330073787,0.8247066909456617,0.5522390571147309,0.08172816986248428,1,STRONG_CAPTURE
P18_19,LOO_EFA,mean_rank,0.8820047420617168,1.7067114330073787,0.8247066909456617,0.5522390571147309,0.08172816986248428,1,STRONG_CAPTURE
P18_19,LOO_EFA,nested_complexity,0.8820047420617168,1.7067114330073787,0.8247066909456617,0.5522390571147309,0.08172816986248428,1,STRONG_CAPTURE
P18_19,LOO_EFA,single_fold,-1.445183381130186,1.7067114330073787,3.1518948141375636,-0.7112694844698589,0.08172816986248428,1,NEGATIVE_SELECTION
P18_19,LOO_EFA,stability_lcb,0.8820047420617168,1.7067114330073787,0.8247066909456617,0.5522390571147309,0.08172816986248428,1,STRONG_CAPTURE
P18_19,LOO_GLD,diverse_ensemble,0.1739230887089134,1.848119574756687,1.6741964860477734,0.1607576209317519,0.02292643974802538,1,WEAK_CAPTURE
P18_19,LOO_GLD,family_balanced,-0.38960242363944475,1.848119574756687,2.237721998396132,-0.12172683987686675,0.02292643974802538,1,NEGATIVE_SELECTION
P18_19,LOO_GLD,mean_fold,-0.757943632333112,1.848119574756687,2.6060632070897998,-0.30636917718262463,0.02292643974802538,1,NEGATIVE_SELECTION
P18_19,LOO_GLD,mean_rank,-0.757943632333112,1.848119574756687,2.6060632070897998,-0.30636917718262463,0.02292643974802538,1,NEGATIVE_SELECTION
P18_19,LOO_GLD,nested_complexity,-0.757943632333112,1.848119574756687,2.6060632070897998,-0.30636917718262463,0.02292643974802538,1,NEGATIVE_SELECTION
P18_19,LOO_GLD,single_fold,-0.8841548309852577,1.848119574756687,2.732274405741945,-0.36963641463330654,0.02292643974802538,1,NEGATIVE_SELECTION
P18_19,LOO_GLD,stability_lcb,-0.757943632333112,1.848119574756687,2.6060632070897998,-0.30636917718262463,0.02292643974802538,1,NEGATIVE_SELECTION
P18_19,LOO_IWM,diverse_ensemble,0.7276094813246857,1.7513109230799,1.0237014417552144,0.460262575531276,0.15252139570897477,0,PARTIAL_CAPTURE
P18_19,LOO_IWM,family_balanced,0.41103710479352457,1.7513109230799,1.340273818286375,0.2933526228854058,0.15252139570897477,0,PARTIAL_CAPTURE
P18_19,LOO_IWM,mean_fold,0.49433609405551127,1.7513109230799,1.2569748290243887,0.3372712695642908,0.15252139570897477,0,PARTIAL_CAPTURE
P18_19,LOO_IWM,mean_rank,0.49433609405551127,1.7513109230799,1.2569748290243887,0.3372712695642908,0.15252139570897477,0,PARTIAL_CAPTURE
P18_19,LOO_IWM,nested_complexity,0.49433609405551127,1.7513109230799,1.2569748290243887,0.3372712695642908,0.15252139570897477,0,PARTIAL_CAPTURE
P18_19,LOO_IWM,single_fold,-0.9740535882212846,1.7513109230799,2.7253645113011835,-0.43692405038138304,0.15252139570897477,0,NEGATIVE_SELECTION
P18_19,LOO_IWM,stability_lcb,0.49433609405551127,1.7513109230799,1.2569748290243887,0.3372712695642908,0.15252139570897477,0,PARTIAL_CAPTURE
P18_19,LOO_QQQ,diverse_ensemble,0.379349018491097,1.7603816465145048,1.3810326280234082,0.28024007724130107,0.07486720997689526,1,PARTIAL_CAPTURE
P18_19,LOO_QQQ,family_balanced,-0.27525605294831496,1.7603816465145048,2.035637699462819,-0.06092383597559783,0.07486720997689526,1,NEGATIVE_SELECTION
P18_19,LOO_QQQ,mean_fold,0.9563790975100335,1.7603816465145048,0.8040025490044712,0.5809738301422326,0.07486720997689526,1,STRONG_CAPTURE
P18_19,LOO_QQQ,mean_rank,0.9563790975100335,1.7603816465145048,0.8040025490044712,0.5809738301422326,0.07486720997689526,1,STRONG_CAPTURE
P18_19,LOO_QQQ,nested_complexity,0.9563790975100335,1.7603816465145048,0.8040025490044712,0.5809738301422326,0.07486720997689526,1,STRONG_CAPTURE
P18_19,LOO_QQQ,single_fold,-1.2344779062795346,1.7603816465145048,2.9948595527940385,-0.5608464540604996,0.07486720997689526,1,NEGATIVE_SELECTION
P18_19,LOO_QQQ,stability_lcb,0.9563790975100335,1.7603816465145048,0.8040025490044712,0.5809738301422326,0.07486720997689526,1,STRONG_CAPTURE
P18_19,US3,diverse_ensemble,0.4169463596987265,1.5301079116269065,1.1131615519281797,0.31926196868282986,-0.005501587694149679,1,PARTIAL_CAPTURE
P18_19,US3,family_balanced,0.48350520373562256,1.5301079116269065,1.0466027078912834,0.3599650781083576,-0.005501587694149679,1,PARTIAL_CAPTURE
P18_19,US3,mean_fold,0.5171154652371264,1.5301079116269065,1.01299244638978,0.38051895297670674,-0.005501587694149679,1,PARTIAL_CAPTURE
P18_19,US3,mean_rank,0.48350520373562256,1.5301079116269065,1.0466027078912834,0.3599650781083576,-0.005501587694149679,1,PARTIAL_CAPTURE
P18_19,US3,nested_complexity,0.5171154652371264,1.5301079116269065,1.01299244638978,0.38051895297670674,-0.005501587694149679,1,PARTIAL_CAPTURE
P18_19,US3,single_fold,-0.6713804807486403,1.5301079116269065,2.201488392375546,-0.3462887499100605,-0.005501587694149679,1,NEGATIVE_SELECTION
P18_19,US3,stability_lcb,0.5171154652371264,1.5301079116269065,1.01299244638978,0.38051895297670674,-0.005501587694149679,1,PARTIAL_CAPTURE
