mode,budget,seeds,n_families,family_validation_bias_scale,validation_noise,exploit_probability,diversity_probability,mean_selected_quality,mean_oracle_quality,mean_regret,mean_oracle_hit,mean_selected_family_is_best,mean_selected_family_true_mean,mean_best_family_true_mean,mean_allocation_hhi,mean_effective_family_count
uniform,16,500,8,2.0,1.0,0.95,0.95,0.7781725757598025,1.699952716691038,0.9217801409312356,0.216,0.316,0.6300011876435339,1.441405140317802,0.125,8.0
uniform,25,500,8,2.0,1.0,0.95,0.95,0.7758569787916838,1.7826057337329209,1.0067487549412373,0.156,0.294,0.6268247378859799,1.441405140317802,0.13747840000000003,7.286742542065711
uniform,50,500,8,2.0,1.0,0.95,0.95,0.7952777655427535,1.9275073966503542,1.1322296311076008,0.106,0.288,0.6061385954705731,1.441405140317802,0.13707680000000003,7.311784842068612
uniform,100,500,8,2.0,1.0,0.95,0.95,0.8471038568380745,2.0511229426314865,1.204019085793412,0.062,0.282,0.615109635750962,1.441405140317802,0.1321348,7.574471507194418
uniform,250,500,8,2.0,1.0,0.95,0.95,0.8769603184492553,2.180142355986911,1.303182037537656,0.024,0.288,0.612001990715018,1.441405140317802,0.12824755200000001,7.798812047112915
uniform,500,500,8,2.0,1.0,0.95,0.95,0.9027415166521989,2.273393235600656,1.3706517189484566,0.02,0.276,0.6199019849226854,1.441405140317802,0.126660464,7.895559682526588
uniform,1000,500,8,2.0,1.0,0.95,0.95,0.9348725715431961,2.3580272260523123,1.4231546545091163,0.012,0.276,0.6229888882581663,1.441405140317802,0.12588307599999998,7.943983998135755
winner_following,16,500,8,2.0,1.0,0.95,0.95,0.7781725757598025,1.699952716691038,0.9217801409312356,0.216,0.316,0.6300011876435339,1.441405140317802,0.125,8.0
winner_following,25,500,8,2.0,1.0,0.95,0.95,0.8633151809202902,1.802583888226884,0.9392687073065938,0.098,0.314,0.6271207636947735,1.441405140317802,0.22959359999999998,4.37606390515026
winner_following,50,500,8,2.0,1.0,0.95,0.95,0.8974002444719422,1.8869453267083853,0.9895450822364429,0.066,0.316,0.6345367147378386,1.441405140317802,0.4913727999999999,2.0465349813610603
winner_following,100,500,8,2.0,1.0,0.95,0.95,0.9573518002505987,1.9560446936140397,0.998692893363441,0.05,0.316,0.6370559862610085,1.441405140317802,0.6760027999999999,1.489679605423328
winner_following,250,500,8,2.0,1.0,0.95,0.95,1.005526075534119,2.052984623743011,1.0474585482088918,0.022,0.324,0.6507037875663543,1.441405140317802,0.80765408,1.2473571012815632
winner_following,500,500,8,2.0,1.0,0.95,0.95,1.010413371134955,2.135742564265528,1.1253291931305727,0.014,0.32,0.6420343887357487,1.441405140317802,0.8553094080000001,1.177578281915392
winner_following,1000,500,8,2.0,1.0,0.95,0.95,1.013071138705228,2.221568341365107,1.2084972026598788,0.008,0.318,0.6503041983777901,1.441405140317802,0.8762984919999999,1.150515101486645
diversity_preserving,16,500,8,2.0,1.0,0.95,0.95,0.7781725757598025,1.699952716691038,0.9217801409312356,0.216,0.316,0.6300011876435339,1.441405140317802,0.125,8.0
diversity_preserving,25,500,8,2.0,1.0,0.95,0.95,0.7843599600218795,1.7871872397999469,1.0028272797780673,0.156,0.302,0.6184336904669296,1.441405140317802,0.12645760000000006,7.907913887147277
diversity_preserving,50,500,8,2.0,1.0,0.95,0.95,0.8473731783443978,1.9096679139313035,1.0622947355869055,0.106,0.308,0.6496999119911534,1.441405140317802,0.12560959999999996,7.961178747077319
diversity_preserving,100,500,8,2.0,1.0,0.95,0.95,0.8753454877605632,2.0457445700337877,1.1703990822732244,0.068,0.306,0.6586852213958551,1.441405140317802,0.1252076,7.986736373317843
diversity_preserving,250,500,8,2.0,1.0,0.95,0.95,0.8496743059888594,2.1899366461610494,1.34026234017219,0.036,0.292,0.6267415847029866,1.441405140317802,0.12502432,7.9984438279559615
diversity_preserving,500,500,8,2.0,1.0,0.95,0.95,0.9359903613527091,2.2824515494882935,1.3464611881355846,0.022,0.3,0.6434352114341622,1.441405140317802,0.12500840000000002,7.99946243859747
diversity_preserving,1000,500,8,2.0,1.0,0.95,0.95,0.9726133188834521,2.3597297107355235,1.387116391852071,0.012,0.298,0.6491192190398853,1.441405140317802,0.125000324,7.999979264339962
