budget,selector,search_seeds,mean_selected_test_sharpe,mean_oracle_test_sharpe,mean_selection_regret,mean_frontier_efficiency,selected_positive_rate,mean_validation_test_rank_corr
25,bootstrap_lcb,100,0.09331251811436277,1.0521071981280459,0.958794680013683,0.20659186127257795,0.57,0.04042307692307693
25,family_balanced,100,-0.049168188772287146,1.0521071981280459,1.1012753869003329,0.0870093574280365,0.45,0.04042307692307693
25,mean_fold,100,0.10402992682625438,1.0521071981280459,0.9480772713017913,0.2105679155651885,0.59,0.04042307692307693
25,mean_rank,100,0.11171036677926682,1.0521071981280459,0.9403968313487789,0.21762075967932273,0.59,0.04042307692307693
25,nested_complexity,100,0.10402992682625438,1.0521071981280459,0.9480772713017913,0.2105679155651885,0.59,0.04042307692307693
25,single_fold,100,-0.08664689699688713,1.0521071981280459,1.1387540951249329,0.04902773923444528,0.52,0.04042307692307693
25,stability_lcb,100,0.1459829509353652,1.0521071981280459,0.9061242471926805,0.24628135767225434,0.65,0.04042307692307693
50,bootstrap_lcb,100,0.10478397166646261,1.2049315627025639,1.1001475910361014,0.19912096275685914,0.58,0.04301464585834333
50,family_balanced,100,0.03737927805686348,1.2049315627025639,1.1675522846457005,0.14245391126438064,0.52,0.04301464585834333
50,mean_fold,100,0.08928455260350657,1.2049315627025639,1.1156470100990576,0.1744877828812456,0.61,0.04301464585834333
50,mean_rank,100,0.14882216995017167,1.2049315627025639,1.0561093927523926,0.22533177457372094,0.62,0.04301464585834333
50,nested_complexity,100,0.08928455260350657,1.2049315627025639,1.1156470100990576,0.1744877828812456,0.61,0.04301464585834333
50,single_fold,100,-0.17395604573723158,1.2049315627025639,1.3788876084397956,-0.0003626173847305314,0.44,0.04301464585834333
50,stability_lcb,100,0.1695734971645905,1.2049315627025639,1.0353580655379735,0.2398574747322968,0.67,0.04301464585834333
100,bootstrap_lcb,100,0.20319572808187353,1.3314238365087392,1.1282281084268657,0.25014356783165637,0.71,0.05173249324932493
100,family_balanced,100,0.19191363000094736,1.3314238365087392,1.1395102065077918,0.24080167479243872,0.77,0.05173249324932493
100,mean_fold,100,0.20563318965790142,1.3314238365087392,1.1257906468508379,0.24361989609987814,0.75,0.05173249324932493
100,mean_rank,100,0.2579001104649164,1.3314238365087392,1.0735237260438226,0.27898627194018566,0.77,0.05173249324932493
100,nested_complexity,100,0.20563318965790142,1.3314238365087392,1.1257906468508379,0.24361989609987814,0.75,0.05173249324932493
100,single_fold,100,-0.13464271721676618,1.3314238365087392,1.4660665537255053,0.01361892311875384,0.44,0.05173249324932493
100,stability_lcb,100,0.2732498363845155,1.3314238365087392,1.0581740001242235,0.2911390101928918,0.78,0.05173249324932493
250,bootstrap_lcb,100,0.2886388336845981,1.4497150032317407,1.1610761695471425,0.2761604311760266,0.78,0.059107661882590125
250,family_balanced,100,0.3530179667879947,1.4497150032317407,1.096697036443746,0.31833033810402706,0.91,0.059107661882590125
250,mean_fold,100,0.310303952438878,1.4497150032317407,1.139411050792863,0.29268069623345233,0.82,0.059107661882590125
250,mean_rank,100,0.3271039832540229,1.4497150032317407,1.122611019977718,0.3021130080670648,0.81,0.059107661882590125
250,nested_complexity,100,0.310303952438878,1.4497150032317407,1.139411050792863,0.29268069623345233,0.82,0.059107661882590125
250,single_fold,100,-0.14080238759907018,1.4497150032317407,1.5905173908308115,0.0015956731617677961,0.37,0.059107661882590125
250,stability_lcb,100,0.3068865828947148,1.4497150032317407,1.142828420337026,0.28921093830194733,0.78,0.059107661882590125
500,bootstrap_lcb,100,0.37100409677083107,1.5661265748750512,1.1951224781042202,0.3042965645023361,0.87,0.05700505490021959
500,family_balanced,100,0.44928498355707774,1.5661265748750512,1.1168415913179737,0.35321184310789744,0.99,0.05700505490021959
500,mean_fold,100,0.4125172521503975,1.5661265748750512,1.1536093227246538,0.33034873879251136,0.91,0.05700505490021959
500,mean_rank,100,0.3797988918449377,1.5661265748750512,1.1863276830301135,0.31144495564072816,0.82,0.05700505490021959
500,nested_complexity,100,0.4125172521503975,1.5661265748750512,1.1536093227246538,0.33034873879251136,0.91,0.05700505490021959
500,single_fold,100,-0.26699771332724237,1.5661265748750512,1.8331242882022933,-0.07495719574145267,0.25,0.05700505490021959
500,stability_lcb,100,0.35144742603970636,1.5661265748750512,1.214679148835345,0.29429086624220663,0.78,0.05700505490021959
1000,bootstrap_lcb,100,0.5400912652430554,1.6965856978404856,1.1564944325974305,0.3766372180526152,0.99,0.058460700380700385
1000,family_balanced,100,0.5482580885363773,1.6965856978404856,1.1483276093041084,0.3817671460936993,1.0,0.058460700380700385
1000,mean_fold,100,0.5346164471920283,1.6965856978404856,1.1619692506484576,0.37396858102856684,0.98,0.058460700380700385
1000,mean_rank,100,0.5014437486398546,1.6965856978404856,1.1951419492006312,0.35642423938638784,0.92,0.058460700380700385
1000,nested_complexity,100,0.5346164471920283,1.6965856978404856,1.1619692506484576,0.37396858102856684,0.98,0.058460700380700385
1000,single_fold,100,-0.3693908044698537,1.6965856978404856,2.065976502310339,-0.12034616041383003,0.16,0.058460700380700385
1000,stability_lcb,100,0.5140623312692866,1.6965856978404856,1.1825233665711992,0.3628453779283472,0.94,0.058460700380700385
2000,bootstrap_lcb,100,0.5636675082597279,1.8223934988757347,1.2587259906160073,0.36152082950216496,1.0,0.05485666939916735
2000,family_balanced,100,0.5636675082597279,1.8223934988757347,1.2587259906160073,0.36152082950216496,1.0,0.05485666939916735
2000,mean_fold,100,0.5636675082597279,1.8223934988757347,1.2587259906160073,0.36152082950216496,1.0,0.05485666939916735
2000,mean_rank,100,0.5636675082597279,1.8223934988757347,1.2587259906160073,0.36152082950216496,1.0,0.05485666939916735
2000,nested_complexity,100,0.5636675082597279,1.8223934988757347,1.2587259906160073,0.36152082950216496,1.0,0.05485666939916735
2000,single_fold,100,-0.3921708092336404,1.8223934988757347,2.2145643081093755,-0.1254303727113163,0.05,0.05485666939916735
2000,stability_lcb,100,0.5636675082597279,1.8223934988757347,1.2587259906160073,0.36152082950216496,1.0,0.05485666939916735
2670,bootstrap_lcb,100,0.5618176772530484,1.8589463473419494,1.2971286700889022,0.352834308235716,1.0,0.05499607640217876
2670,family_balanced,100,0.5618176772530484,1.8589463473419494,1.2971286700889022,0.352834308235716,1.0,0.05499607640217876
2670,mean_fold,100,0.5618176772530484,1.8589463473419494,1.2971286700889022,0.352834308235716,1.0,0.05499607640217876
2670,mean_rank,100,0.5618176772530484,1.8589463473419494,1.2971286700889022,0.352834308235716,1.0,0.05499607640217876
2670,nested_complexity,100,0.5618176772530484,1.8589463473419494,1.2971286700889022,0.352834308235716,1.0,0.05499607640217876
2670,single_fold,100,-0.37907879796941096,1.8589463473419494,2.238025145311361,-0.11659939738439473,0.0,0.05499607640217876
2670,stability_lcb,100,0.5618176772530484,1.8589463473419494,1.2971286700889022,0.352834308235716,1.0,0.05499607640217876
