world,candidate_count,validation_noise,seeds,mean_oracle_quality,mean_selected_quality,mean_regret,mean_efficiency,oracle_hit_rate
gaussian,10,0.25,2000,1.5293689064639029,1.4809417284181503,0.048427178045752854,0.9579931404892749,0.7865
gaussian,25,0.25,2000,1.9490294884476838,1.8895899511133392,0.059439537334344636,0.9642925374612596,0.75
gaussian,50,0.25,2000,2.2393370004044955,2.1703658506829244,0.06897114972157155,0.9654651491408951,0.6995
gaussian,100,0.25,2000,2.5011492004043614,2.42420255291996,0.0769466474844009,0.9662849618631003,0.6805
gaussian,250,0.25,2000,2.8216258399460648,2.74082184108002,0.08080399886604478,0.9693256556548432,0.653
gaussian,500,0.25,2000,3.042329397927863,2.9434751453006958,0.09885425262716743,0.9658409468003253,0.624
gaussian,1000,0.25,2000,3.2385709228359656,3.144553042546407,0.09401788028955833,0.9695893997501766,0.616
gaussian,10,0.5,2000,1.5293689064639029,1.3666608705316934,0.1627080359322095,0.8731039855796106,0.6325
gaussian,25,0.5,2000,1.9490294884476838,1.7382776381518015,0.21075185029588228,0.8799568173860873,0.5555
gaussian,50,0.5,2000,2.2393370004044955,2.0013187525584692,0.2380182478460266,0.8873189971378603,0.507
gaussian,100,0.5,2000,2.5011492004043614,2.2319931121223133,0.2691560882820471,0.8880483277403122,0.4565
gaussian,250,0.5,2000,2.8216258399460648,2.548732838152373,0.27289300179369125,0.8993959233973856,0.4535
gaussian,500,0.5,2000,3.042329397927863,2.7176094174635725,0.32471998046429074,0.8912226969572596,0.3675
gaussian,1000,0.5,2000,3.2385709228359656,2.893705606851486,0.3448653159844795,0.8916346679102903,0.37
gaussian,10,1.0,2000,1.5293689064639029,1.0871108276682626,0.4422580787956402,0.6885638159706732,0.4325
gaussian,25,1.0,2000,1.9490294884476838,1.3710274459965424,0.5780020424511413,0.6899393836219256,0.32
gaussian,50,1.0,2000,2.2393370004044955,1.572790279174138,0.6665467212303576,0.6958654117957013,0.273
gaussian,100,1.0,2000,2.5011492004043614,1.7842632882888554,0.7168859121155053,0.7107456179094839,0.2215
gaussian,250,1.0,2000,2.8216258399460648,2.0187125120869522,0.8029133278591124,0.7145805269907904,0.1995
gaussian,500,1.0,2000,3.042329397927863,2.14615154034378,0.8961778575840829,0.7045169201928078,0.1485
gaussian,1000,1.0,2000,3.2385709228359656,2.3017881853605933,0.9367827374753724,0.7103809545650933,0.147
gaussian,10,2.0,2000,1.5293689064639029,0.7202653790376942,0.809103527426209,0.456129960429711,0.275
gaussian,25,2.0,2000,1.9490294884476838,0.8590967586711472,1.0899327297765367,0.4341012622904641,0.152
gaussian,50,2.0,2000,2.2393370004044955,0.9987057154314218,1.2406312849730738,0.44512414792911725,0.118
gaussian,100,2.0,2000,2.5011492004043614,1.1333712211128582,1.3677779792915026,0.45290987956953,0.095
gaussian,250,2.0,2000,2.8216258399460648,1.2374645935958515,1.5841612463506035,0.442261860747415,0.059
gaussian,500,2.0,2000,3.042329397927863,1.3837179846577863,1.658611413270077,0.4574585905609382,0.044
gaussian,1000,2.0,2000,3.2385709228359656,1.4445226592667193,1.7940482635692465,0.4485916270325043,0.04
heavy_tail,10,0.25,2000,1.5293689064639029,1.483740212122809,0.04562869434109411,0.9620653306554624,0.821
heavy_tail,25,0.25,2000,1.9490294884476838,1.8790605114259944,0.06996897702168908,0.9596768408051463,0.769
heavy_tail,50,0.25,2000,2.2393370004044955,2.1509304797617106,0.08840652064278533,0.956019768524075,0.734
heavy_tail,100,0.25,2000,2.5011492004043614,2.390058946549786,0.11109025385457444,0.9520097660483159,0.706
heavy_tail,250,0.25,2000,2.8216258399460648,2.6298967381618725,0.19172910178419184,0.9273477002160839,0.653
heavy_tail,500,0.25,2000,3.042329397927863,2.7569086144228105,0.2854207835050528,0.9020206453951882,0.613
heavy_tail,1000,0.25,2000,3.2385709228359656,2.786540727172589,0.4520301956633766,0.8561008604567061,0.543
heavy_tail,10,0.5,2000,1.5293689064639029,1.3860403120656766,0.14332859439822643,0.8894394979687067,0.6775
heavy_tail,25,0.5,2000,1.9490294884476838,1.7029241871304353,0.2461053013172484,0.8642346195945245,0.591
heavy_tail,50,0.5,2000,2.2393370004044955,1.8922398035474612,0.3470971968570349,0.8365415695914202,0.516
heavy_tail,100,0.5,2000,2.5011492004043614,2.0356314450623088,0.46551775534205203,0.8056408483676036,0.4555
heavy_tail,250,0.5,2000,2.8216258399460648,2.063338834655238,0.7582870052908267,0.7234145364625378,0.359
heavy_tail,500,0.5,2000,3.042329397927863,1.9669004720157364,1.075428925912127,0.6386126179489788,0.2675
heavy_tail,1000,0.5,2000,3.2385709228359656,1.671260647530953,1.5673102753050125,0.5117133866967605,0.1735
heavy_tail,10,1.0,2000,1.5293689064639029,1.1133275930054776,0.4160413134584255,0.7066489174040594,0.483
heavy_tail,25,1.0,2000,1.9490294884476838,1.2623034923268173,0.6867259961208662,0.6348036861598675,0.3395
heavy_tail,50,1.0,2000,2.2393370004044955,1.3108508212544998,0.9284861791499959,0.5771444771348908,0.235
heavy_tail,100,1.0,2000,2.5011492004043614,1.262818531932088,1.2383306684722728,0.49999348623238504,0.178
heavy_tail,250,1.0,2000,2.8216258399460648,1.095499516555586,1.7261263233904787,0.3852458985455392,0.1
heavy_tail,500,1.0,2000,3.042329397927863,0.8811169546418216,2.1612124432860416,0.28957936319202776,0.046
heavy_tail,1000,1.0,2000,3.2385709228359656,0.6457950761001621,2.5927758467358033,0.1997408488179204,0.017
heavy_tail,10,2.0,2000,1.5293689064639029,0.7424615032706728,0.7869074031932303,0.4675499005161448,0.308
heavy_tail,25,2.0,2000,1.9490294884476838,0.7267495775069458,1.2222799109407378,0.37065987001353845,0.152
heavy_tail,50,2.0,2000,2.2393370004044955,0.6914358996166086,1.5479011007878871,0.3070431520597116,0.0805
heavy_tail,100,2.0,2000,2.5011492004043614,0.6003706815873745,1.9007785188169863,0.24038645435049308,0.051
heavy_tail,250,2.0,2000,2.8216258399460648,0.4397992466942326,2.381826593251832,0.15634219634174543,0.016
heavy_tail,500,2.0,2000,3.042329397927863,0.35557457305242773,2.6867548248754356,0.11765869364299036,0.0045
heavy_tail,1000,2.0,2000,3.2385709228359656,0.30182588996579673,2.936745032870169,0.09392310096588015,0.0045
family_bias,10,0.25,2000,1.5293689064639029,1.4799529142367014,0.04941599222720186,0.9585156180115312,0.7905
family_bias,25,0.25,2000,1.9490294884476838,1.8935657981667322,0.05546369028095141,0.9666725351674942,0.7485
family_bias,50,0.25,2000,2.2393370004044955,2.1730600969014713,0.0662769035030247,0.9673377155444505,0.713
family_bias,100,0.25,2000,2.5011492004043614,2.4316773987089535,0.06947180169540723,0.9697724850353655,0.698
family_bias,250,0.25,2000,2.8216258399460648,2.742716362772627,0.07890947717343758,0.9701940545694535,0.667
family_bias,500,0.25,2000,3.042329397927863,2.9576471123532695,0.08468228557459336,0.970620713525253,0.6425
family_bias,1000,0.25,2000,3.2385709228359656,3.1529319904196016,0.08563893241636393,0.9722692822166197,0.621
family_bias,10,0.5,2000,1.5293689064639029,1.3589756999040024,0.17039320655990076,0.8691612560103925,0.629
family_bias,25,0.5,2000,1.9490294884476838,1.7639772701462604,0.18505221830142335,0.8952918714835381,0.5695
family_bias,50,0.5,2000,2.2393370004044955,2.023198014637487,0.2161389857670086,0.8968461188237468,0.5215
family_bias,100,0.5,2000,2.5011492004043614,2.2580950445001644,0.2430541559041966,0.8988946541345216,0.482
family_bias,250,0.5,2000,2.8216258399460648,2.5612007666163517,0.2604250733297131,0.9044682654381467,0.4515
family_bias,500,0.5,2000,3.042329397927863,2.7533468216064456,0.2889825763214176,0.9028941761441492,0.3995
family_bias,1000,0.5,2000,3.2385709228359656,2.942191412849221,0.2963795099867449,0.9073819940300984,0.3905
family_bias,10,1.0,2000,1.5293689064639029,1.0773818016368888,0.45198710482701404,0.6830296750699001,0.428
family_bias,25,1.0,2000,1.9490294884476838,1.4019731932754305,0.5470562951722533,0.7071699170597969,0.341
family_bias,50,1.0,2000,2.2393370004044955,1.6408540911257279,0.5984829092787679,0.7268119360271939,0.299
family_bias,100,1.0,2000,2.5011492004043614,1.8515191727014246,0.6496300277029361,0.7397970383283945,0.252
family_bias,250,1.0,2000,2.8216258399460648,2.151050264243448,0.6705755757026167,0.7605130643428655,0.2325
family_bias,500,1.0,2000,3.042329397927863,2.30063156939869,0.7416978285291737,0.755911569969946,0.1885
family_bias,1000,1.0,2000,3.2385709228359656,2.4819018107097874,0.7566691121261784,0.7673639153664876,0.1755
family_bias,10,2.0,2000,1.5293689064639029,0.6920440031010869,0.8373249033628162,0.4347738920029268,0.268
family_bias,25,2.0,2000,1.9490294884476838,0.9295696134538487,1.019459874993835,0.4693851626334304,0.1755
family_bias,50,2.0,2000,2.2393370004044955,1.0896065594201363,1.1497304409843592,0.4836930926555066,0.135
family_bias,100,2.0,2000,2.5011492004043614,1.2728384460412598,1.2283107543631009,0.5118787110805699,0.1035
family_bias,250,2.0,2000,2.8216258399460648,1.4297461029354612,1.3918797370106035,0.5096731125277764,0.0765
family_bias,500,2.0,2000,3.042329397927863,1.6049676719631503,1.4373617259647131,0.5296267313199794,0.068
family_bias,1000,2.0,2000,3.2385709228359656,1.6988511517480946,1.539719771087871,0.5275890706788818,0.048
regime_shift,10,0.25,2000,1.5293689064639029,0.7720742367122709,0.7572946697516322,0.48816116053278474,0.291
regime_shift,25,0.25,2000,1.9490294884476838,0.9051915149800442,1.0438379734676395,0.4561917497213076,0.1695
regime_shift,50,0.25,2000,2.2393370004044955,1.0955625088125456,1.14377449159195,0.48649212556989657,0.1325
regime_shift,100,0.25,2000,2.5011492004043614,1.2285439628607147,1.272605237543646,0.4914698063930074,0.104
regime_shift,250,0.25,2000,2.8216258399460648,1.3617991591258463,1.4598266808202183,0.48509953389277655,0.07
regime_shift,500,0.25,2000,3.042329397927863,1.4947872999899832,1.54754209793788,0.4932977537008027,0.0535
regime_shift,1000,0.25,2000,3.2385709228359656,1.5596087970117396,1.6789621258242258,0.4841614257648438,0.042
regime_shift,10,0.5,2000,1.5293689064639029,0.7054509565370085,0.8239179499268945,0.44673932569001945,0.2695
regime_shift,25,0.5,2000,1.9490294884476838,0.8462664081328255,1.102763080314858,0.428139720607417,0.1495
regime_shift,50,0.5,2000,2.2393370004044955,1.009324371212651,1.230012629191845,0.4480579384909662,0.1215
regime_shift,100,0.5,2000,2.5011492004043614,1.1086732378678397,1.3924759625365213,0.44509404474804093,0.084
regime_shift,250,0.5,2000,2.8216258399460648,1.2504099196867737,1.5712159202592906,0.44610144360279486,0.0625
regime_shift,500,0.5,2000,3.042329397927863,1.4017846990226897,1.6405446989051733,0.46301094848608665,0.0495
regime_shift,1000,0.5,2000,3.2385709228359656,1.415319382752613,1.8232515400833527,0.4395915524757105,0.0305
regime_shift,10,1.0,2000,1.5293689064639029,0.547981987334786,0.9813869191291169,0.3489720104952022,0.222
regime_shift,25,1.0,2000,1.9490294884476838,0.6998255247493927,1.2492039636982908,0.3544408397008698,0.1195
regime_shift,50,1.0,2000,2.2393370004044955,0.8285107873455291,1.4108262130589664,0.366949784484791,0.0955
regime_shift,100,1.0,2000,2.5011492004043614,0.8568119242787615,1.6443372761255992,0.3463007525211034,0.0525
regime_shift,250,1.0,2000,2.8216258399460648,0.9913539708938431,1.8302718690522217,0.3528903361153373,0.041
regime_shift,500,1.0,2000,3.042329397927863,1.0502791834583232,1.99205021446954,0.3477970753277275,0.0275
regime_shift,1000,1.0,2000,3.2385709228359656,1.127704250086233,2.110866672749733,0.35027986494234625,0.0095
regime_shift,10,2.0,2000,1.5293689064639029,0.36606753478340853,1.1633013716804945,0.23312999661519773,0.174
regime_shift,25,2.0,2000,1.9490294884476838,0.46382099128089305,1.4852084971667907,0.23770211448941428,0.0815
regime_shift,50,2.0,2000,2.2393370004044955,0.5268020816656632,1.7125349187388323,0.23366507827056307,0.0545
regime_shift,100,2.0,2000,2.5011492004043614,0.5450478667223094,1.9561013336820514,0.2221364698285505,0.03
regime_shift,250,2.0,2000,2.8216258399460648,0.61877072708969,2.202855112856375,0.2201832121642699,0.0215
regime_shift,500,2.0,2000,3.042329397927863,0.6692575246513884,2.373071873276475,0.22212792685027574,0.0125
regime_shift,1000,2.0,2000,3.2385709228359656,0.7619495414485993,2.4766213813873663,0.23732253903905667,0.003
