mode,selector,budget,seeds,validation_folds,family_validation_bias_scale,validation_noise,mean_selected_quality,mean_oracle_quality,mean_regret,mean_efficiency,oracle_hit_rate,best_family_hit_rate
uniform,single_fold_winner,16,1000,5,2.0,1.0,0.6798568629952066,1.6559259856694997,0.9760691226742929,0.39993896518701366,0.174,0.271
uniform,single_fold_winner,25,1000,5,2.0,1.0,0.7361320962917897,1.751473855974395,1.0153417596826053,0.4126119109675188,0.134,0.282
uniform,single_fold_winner,50,1000,5,2.0,1.0,0.7667095240017671,1.8913090924639389,1.1245995684621717,0.3985703684716712,0.093,0.281
uniform,single_fold_winner,100,1000,5,2.0,1.0,0.8161269024923435,2.0126310028519785,1.1965041003596348,0.3963802873480446,0.068,0.295
uniform,single_fold_winner,250,1000,5,2.0,1.0,0.8556377070916996,2.142447406241188,1.286809699149489,0.3912772695398841,0.031,0.297
uniform,single_fold_winner,500,1000,5,2.0,1.0,0.8508656851855755,2.232494500031031,1.3816288148454552,0.3791741250736313,0.022,0.286
uniform,single_fold_winner,1000,1000,5,2.0,1.0,0.901726870282969,2.3217991497473305,1.4200722794643614,0.38565349976789765,0.013,0.295
uniform,mean_fold_winner,16,1000,5,2.0,1.0,0.7560666616857118,1.6559259856694997,0.8998593239837878,0.45281576193919587,0.215,0.287
uniform,mean_fold_winner,25,1000,5,2.0,1.0,0.834050379106003,1.751473855974395,0.9174234768683921,0.4694704231041409,0.178,0.29
uniform,mean_fold_winner,50,1000,5,2.0,1.0,0.9158847100829863,1.8913090924639389,0.9754243823809525,0.4775968851320528,0.143,0.298
uniform,mean_fold_winner,100,1000,5,2.0,1.0,0.9879394372836106,2.0126310028519785,1.024691565568368,0.48492912821075945,0.103,0.303
uniform,mean_fold_winner,250,1000,5,2.0,1.0,1.0403877239578496,2.142447406241188,1.102059682283339,0.48651115191970656,0.075,0.292
uniform,mean_fold_winner,500,1000,5,2.0,1.0,1.0969986630329027,2.232494500031031,1.1354958369981283,0.4914519250642946,0.061,0.287
uniform,mean_fold_winner,1000,1000,5,2.0,1.0,1.1594860311312527,2.3217991497473305,1.1623131186160771,0.5003262740894414,0.053,0.29
uniform,mean_rank,16,1000,5,2.0,1.0,0.7463116237717268,1.6559259856694997,0.9096143618977728,0.442974313708855,0.213,0.28
uniform,mean_rank,25,1000,5,2.0,1.0,0.834815998479169,1.751473855974395,0.916657857495226,0.4635371166400556,0.174,0.293
uniform,mean_rank,50,1000,5,2.0,1.0,0.9069145266439427,1.8913090924639389,0.9843945658199962,0.47197283267718126,0.131,0.301
uniform,mean_rank,100,1000,5,2.0,1.0,0.9681134766288219,2.0126310028519785,1.0445175262231565,0.475931081904629,0.109,0.305
uniform,mean_rank,250,1000,5,2.0,1.0,1.0268039914238996,2.142447406241188,1.115643414817289,0.47910735232593615,0.075,0.3
uniform,mean_rank,500,1000,5,2.0,1.0,1.0808926124512468,2.232494500031031,1.151601887579784,0.48328391945528304,0.063,0.296
uniform,mean_rank,1000,1000,5,2.0,1.0,1.1318116251364285,2.3217991497473305,1.1899875246109017,0.48617588766915854,0.049,0.299
uniform,stability_penalty,16,1000,5,2.0,1.0,0.753653840751244,1.6559259856694997,0.9022721449182557,0.44766039150393727,0.217,0.285
uniform,stability_penalty,25,1000,5,2.0,1.0,0.8279366514292514,1.751473855974395,0.9235372045451435,0.4653640912118231,0.174,0.29
uniform,stability_penalty,50,1000,5,2.0,1.0,0.9049721803613539,1.8913090924639389,0.9863369121025851,0.47151162883128045,0.138,0.297
uniform,stability_penalty,100,1000,5,2.0,1.0,0.9749715192976864,2.0126310028519785,1.037659483554292,0.47779570343663175,0.106,0.304
uniform,stability_penalty,250,1000,5,2.0,1.0,1.0418009913568036,2.142447406241188,1.1006464148843846,0.4854534058014099,0.081,0.297
uniform,stability_penalty,500,1000,5,2.0,1.0,1.098385252432572,2.232494500031031,1.134109247598459,0.49121734946278245,0.067,0.296
uniform,stability_penalty,1000,1000,5,2.0,1.0,1.1416248750993154,2.3217991497473305,1.180174274648015,0.4920095625578019,0.051,0.296
uniform,hierarchical_shrinkage,16,1000,5,2.0,1.0,0.7492243989919584,1.6559259856694997,0.9067015866775412,0.4492836365566912,0.215,0.288
uniform,hierarchical_shrinkage,25,1000,5,2.0,1.0,0.8153468072150435,1.751473855974395,0.9361270487593517,0.46079570117759183,0.174,0.289
uniform,hierarchical_shrinkage,50,1000,5,2.0,1.0,0.8976100591664181,1.8913090924639389,0.9936990332975209,0.46869381224580753,0.137,0.294
uniform,hierarchical_shrinkage,100,1000,5,2.0,1.0,0.9713703758902474,2.0126310028519785,1.0412606269617308,0.4778340160143489,0.099,0.298
uniform,hierarchical_shrinkage,250,1000,5,2.0,1.0,1.0416755492323104,2.142447406241188,1.1007718570088783,0.486059714458714,0.072,0.295
uniform,hierarchical_shrinkage,500,1000,5,2.0,1.0,1.0912381712875234,2.232494500031031,1.1412563287435074,0.49007050755788534,0.061,0.292
uniform,hierarchical_shrinkage,1000,1000,5,2.0,1.0,1.1618737935754013,2.3217991497473305,1.159925356171929,0.5009193031593441,0.055,0.297
uniform,family_balanced,16,1000,5,2.0,1.0,0.7367419547015022,1.6559259856694997,0.9191840309679972,0.4415297437756569,0.208,0.284
uniform,family_balanced,25,1000,5,2.0,1.0,0.7939132834358836,1.751473855974395,0.9575605725385115,0.44564647032196014,0.167,0.29
uniform,family_balanced,50,1000,5,2.0,1.0,0.8950451930821673,1.8913090924639389,0.9962638993817716,0.4679107990362089,0.134,0.297
uniform,family_balanced,100,1000,5,2.0,1.0,0.963396126278232,2.0126310028519785,1.0492348765737465,0.47355153556767915,0.102,0.303
uniform,family_balanced,250,1000,5,2.0,1.0,1.04143412426148,2.142447406241188,1.1010132819797087,0.48696538184353794,0.074,0.298
uniform,family_balanced,500,1000,5,2.0,1.0,1.1133995219956814,2.232494500031031,1.1190949780353494,0.4992033213001371,0.059,0.303
uniform,family_balanced,1000,1000,5,2.0,1.0,1.1768306704183,2.3217991497473305,1.14496847932903,0.5073064469530955,0.053,0.301
winner_following,single_fold_winner,16,1000,5,2.0,1.0,0.6798568629952066,1.6559259856694997,0.9760691226742929,0.39993896518701366,0.174,0.271
winner_following,single_fold_winner,25,1000,5,2.0,1.0,0.8045979738199356,1.7692604132182728,0.9646624393983375,0.4117467953671171,0.103,0.287
winner_following,single_fold_winner,50,1000,5,2.0,1.0,0.845653941075778,1.8572465594330962,1.0115926183573185,0.37293680696311865,0.054,0.285
winner_following,single_fold_winner,100,1000,5,2.0,1.0,0.8761304835893349,1.919772522393839,1.0436420388045045,0.3408639768737917,0.039,0.286
winner_following,single_fold_winner,250,1000,5,2.0,1.0,0.8935727921529812,2.0142148938087443,1.1206421016557628,0.29778141446800255,0.023,0.284
winner_following,single_fold_winner,500,1000,5,2.0,1.0,0.9218637174281823,2.096730374117229,1.1748666566890464,0.2841610877737736,0.018,0.284
winner_following,single_fold_winner,1000,1000,5,2.0,1.0,0.9532200787515526,2.176897510224778,1.2236774314732255,0.281755211098544,0.007,0.287
winner_following,mean_fold_winner,16,1000,5,2.0,1.0,0.7560666616857118,1.6559259856694997,0.8998593239837878,0.45281576193919587,0.215,0.287
winner_following,mean_fold_winner,25,1000,5,2.0,1.0,0.9438855148444188,1.7692604132182728,0.8253748983738538,0.5158904319029749,0.154,0.287
winner_following,mean_fold_winner,50,1000,5,2.0,1.0,1.0503421105792612,1.8572465594330962,0.8069044488538352,0.5234861296926576,0.109,0.286
winner_following,mean_fold_winner,100,1000,5,2.0,1.0,1.1114577393568752,1.919772522393839,0.8083147830369639,0.5154852433457741,0.099,0.286
winner_following,mean_fold_winner,250,1000,5,2.0,1.0,1.1769209104999632,2.0142148938087443,0.8372939833087808,0.5063246592101299,0.082,0.285
winner_following,mean_fold_winner,500,1000,5,2.0,1.0,1.2320151162057278,2.096730374117229,0.8647152579115014,0.5075259585455039,0.057,0.285
winner_following,mean_fold_winner,1000,1000,5,2.0,1.0,1.2679973485330356,2.176897510224778,0.9089001616917421,0.49985097220362273,0.048,0.287
winner_following,mean_rank,16,1000,5,2.0,1.0,0.7463116237717268,1.6559259856694997,0.9096143618977728,0.442974313708855,0.213,0.28
winner_following,mean_rank,25,1000,5,2.0,1.0,0.9311655608129703,1.7692604132182728,0.8380948524053026,0.5021033173370951,0.153,0.282
winner_following,mean_rank,50,1000,5,2.0,1.0,1.0385954128913382,1.8572465594330962,0.8186511465417584,0.5166611999909203,0.112,0.285
winner_following,mean_rank,100,1000,5,2.0,1.0,1.094800824424505,1.919772522393839,0.8249716979693339,0.5072631125546206,0.085,0.285
winner_following,mean_rank,250,1000,5,2.0,1.0,1.1667480360464757,2.0142148938087443,0.8474668577622686,0.5016521069663942,0.064,0.286
winner_following,mean_rank,500,1000,5,2.0,1.0,1.2014258960274165,2.096730374117229,0.8953044780898126,0.4872048959982916,0.055,0.284
winner_following,mean_rank,1000,1000,5,2.0,1.0,1.2310625468312792,2.176897510224778,0.9458349633934986,0.4739801573979886,0.037,0.287
winner_following,stability_penalty,16,1000,5,2.0,1.0,0.753653840751244,1.6559259856694997,0.9022721449182557,0.44766039150393727,0.217,0.285
winner_following,stability_penalty,25,1000,5,2.0,1.0,0.9242969396642128,1.7692604132182728,0.8449634735540601,0.4996377223470392,0.141,0.283
winner_following,stability_penalty,50,1000,5,2.0,1.0,1.0362106694989366,1.8572465594330962,0.8210358899341598,0.5140061005912213,0.109,0.285
winner_following,stability_penalty,100,1000,5,2.0,1.0,1.1064610265129422,1.919772522393839,0.8133114958808971,0.5131135857708237,0.089,0.285
winner_following,stability_penalty,250,1000,5,2.0,1.0,1.1716502526650916,2.0142148938087443,0.8425646411436526,0.5041944424506075,0.07,0.286
winner_following,stability_penalty,500,1000,5,2.0,1.0,1.2167695252450534,2.096730374117229,0.8799608488721756,0.4967754903378036,0.054,0.284
winner_following,stability_penalty,1000,1000,5,2.0,1.0,1.2560370588588052,2.176897510224778,0.9208604513659725,0.49131402665661794,0.043,0.287
winner_following,hierarchical_shrinkage,16,1000,5,2.0,1.0,0.7492243989919584,1.6559259856694997,0.9067015866775412,0.4492836365566912,0.215,0.288
winner_following,hierarchical_shrinkage,25,1000,5,2.0,1.0,0.9180054829728226,1.7692604132182728,0.8512549302454502,0.49751580041215354,0.154,0.28
winner_following,hierarchical_shrinkage,50,1000,5,2.0,1.0,1.032036820602374,1.8572465594330962,0.8252097388307224,0.5078476046795013,0.11,0.283
winner_following,hierarchical_shrinkage,100,1000,5,2.0,1.0,1.1002282831654386,1.919772522393839,0.8195442392284006,0.5029742296458213,0.101,0.284
winner_following,hierarchical_shrinkage,250,1000,5,2.0,1.0,1.1667897835664849,2.0142148938087443,0.8474251102422594,0.49495865100315745,0.082,0.282
winner_following,hierarchical_shrinkage,500,1000,5,2.0,1.0,1.2084861643472833,2.096730374117229,0.8882442097699454,0.48744927242367864,0.054,0.28
winner_following,hierarchical_shrinkage,1000,1000,5,2.0,1.0,1.2567535950450381,2.176897510224778,0.9201439151797397,0.4904506779886048,0.047,0.286
winner_following,family_balanced,16,1000,5,2.0,1.0,0.7367419547015022,1.6559259856694997,0.9191840309679972,0.4415297437756569,0.208,0.284
winner_following,family_balanced,25,1000,5,2.0,1.0,0.8978342396256108,1.7692604132182728,0.8714261735926621,0.4775717926422483,0.156,0.285
winner_following,family_balanced,50,1000,5,2.0,1.0,1.0028622164591048,1.8572465594330962,0.8543843429739917,0.46704456792274,0.108,0.287
winner_following,family_balanced,100,1000,5,2.0,1.0,1.0639722755853813,1.919772522393839,0.8558002468084578,0.45383411169172827,0.103,0.293
winner_following,family_balanced,250,1000,5,2.0,1.0,1.1343099724840673,2.0142148938087443,0.879904921324677,0.4490351897755173,0.083,0.301
winner_following,family_balanced,500,1000,5,2.0,1.0,1.184491013558808,2.096730374117229,0.9122393605584207,0.44648615031387595,0.059,0.297
winner_following,family_balanced,1000,1000,5,2.0,1.0,1.2259595724086034,2.176897510224778,0.9509379378161743,0.45101104149117577,0.051,0.295
