candidate_count,validation_noise,validation_folds,seeds,mean_oracle_quality,mean_selected_quality,mean_regret,median_regret,p90_regret,mean_efficiency,oracle_hit_rate
10,0.25,1,2000,1.5293689064639029,1.4809417284181503,0.048427178045752854,0.0,0.20353428218711875,0.9579931404892749,0.7865
25,0.25,1,2000,1.9490294884476838,1.8895899511133392,0.059439537334344636,0.0,0.2435586637471213,0.9642925374612596,0.75
50,0.25,1,2000,2.2393370004044955,2.1703658506829244,0.06897114972157155,0.0,0.2746273410694485,0.9654651491408951,0.6995
100,0.25,1,2000,2.5011492004043614,2.42420255291996,0.0769466474844009,0.0,0.30103165179150365,0.9662849618631003,0.6805
250,0.25,1,2000,2.8216258399460648,2.74082184108002,0.08080399886604478,0.0,0.3138428923914493,0.9693256556548432,0.653
500,0.25,1,2000,3.042329397927863,2.9434751453006958,0.09885425262716743,0.0,0.37587619926180693,0.9658409468003253,0.624
1000,0.25,1,2000,3.2385709228359656,3.144553042546407,0.09401788028955833,0.0,0.36064671926381137,0.9695893997501766,0.616
10,0.5,1,2000,1.5293689064639029,1.3666608705316934,0.1627080359322095,0.0,0.6066435457255903,0.8731039855796106,0.6325
25,0.5,1,2000,1.9490294884476838,1.7382776381518015,0.21075185029588228,0.0,0.7318163883469343,0.8799568173860873,0.5555
50,0.5,1,2000,2.2393370004044955,2.0013187525584692,0.2380182478460266,0.0,0.7818793402809255,0.8873189971378603,0.507
100,0.5,1,2000,2.5011492004043614,2.2319931121223133,0.2691560882820471,0.07032529909647534,0.8354285133623437,0.8880483277403122,0.4565
250,0.5,1,2000,2.8216258399460648,2.548732838152373,0.27289300179369125,0.0658547172515831,0.8280515328382121,0.8993959233973856,0.4535
500,0.5,1,2000,3.042329397927863,2.7176094174635725,0.32471998046429074,0.18899484537171252,0.8972014500521605,0.8912226969572596,0.3675
1000,0.5,1,2000,3.2385709228359656,2.893705606851486,0.3448653159844795,0.20083874884863473,0.9564773200755533,0.8916346679102903,0.37
10,1.0,1,2000,1.5293689064639029,1.0871108276682626,0.4422580787956402,0.15462404525039103,1.339913409830545,0.6885638159706732,0.4325
25,1.0,1,2000,1.9490294884476838,1.3710274459965424,0.5780020424511413,0.4090440121943054,1.4733538608830983,0.6899393836219256,0.32
50,1.0,1,2000,2.2393370004044955,1.572790279174138,0.6665467212303576,0.5256126881159804,1.6205527783013527,0.6958654117957013,0.273
100,1.0,1,2000,2.5011492004043614,1.7842632882888554,0.7168859121155053,0.6087396429011264,1.6198196627781765,0.7107456179094839,0.2215
250,1.0,1,2000,2.8216258399460648,2.0187125120869522,0.8029133278591124,0.7026665839408052,1.7820510575139885,0.7145805269907904,0.1995
500,1.0,1,2000,3.042329397927863,2.14615154034378,0.8961778575840829,0.8205917993684784,1.8865920383665382,0.7045169201928078,0.1485
1000,1.0,1,2000,3.2385709228359656,2.3017881853605933,0.9367827374753724,0.9030972240104017,1.9190011188432439,0.7103809545650933,0.147
10,2.0,1,2000,1.5293689064639029,0.7202653790376942,0.809103527426209,0.6299195979918643,1.9888823221574654,0.456129960429711,0.275
25,2.0,1,2000,1.9490294884476838,0.8590967586711472,1.0899327297765367,0.9971698723345648,2.2998656929052452,0.4341012622904641,0.152
50,2.0,1,2000,2.2393370004044955,0.9987057154314218,1.2406312849730738,1.165323456846436,2.457409471280323,0.44512414792911725,0.118
100,2.0,1,2000,2.5011492004043614,1.1333712211128582,1.3677779792915026,1.291947561424052,2.605272069433137,0.45290987956953,0.095
250,2.0,1,2000,2.8216258399460648,1.2374645935958515,1.5841612463502133,1.5509194333325433,2.815314801631155,0.442261860747415,0.059
500,2.0,1,2000,3.042329397927863,1.3837179846577863,1.658611413270077,1.6232619784795776,2.9093935707809946,0.4574585905609382,0.044
1000,2.0,1,2000,3.2385709228359656,1.4445226592667193,1.7940482635692465,1.7971709100369746,3.105863141323671,0.4485916270325043,0.04
